{"stats":{"minecraft:killed":{"minecraft:zombie":2},"minecraft:broken":{"minecraft:stone_pickaxe":1},"minecraft:used":{"minecraft:wooden_axe":2,"minecraft:lava_bucket":2,"minecraft:stone_pickaxe":155,"minecraft:oak_planks":2,"minecraft:poppy":1,"minecraft:chest":1,"minecraft:cobblestone_slab":153,"minecraft:stone_axe":11,"minecraft:dirt":3,"minecraft:furnace":1,"minecraft:oak_sapling":9,"minecraft:birch_sign":1,"minecraft:bucket":1,"minecraft:ice":1},"minecraft:mined":{"minecraft:oak_sapling":4,"minecraft:ice":6,"minecraft:grass":1,"minecraft:grass_block":4,"minecraft:oak_log":5,"minecraft:cobblestone_slab":1,"minecraft:chest":1,"minecraft:dirt":1,"minecraft:tall_grass":3,"minecraft:cobblestone":145,"minecraft:oak_leaves":4,"minecraft:fern":1},"minecraft:custom":{"minecraft:time_since_rest":5983,"minecraft:interact_with_furnace":1,"minecraft:sprint_one_cm":21421,"minecraft:damage_taken":1606,"minecraft:walk_one_cm":84310,"minecraft:mob_kills":2,"minecraft:damage_dealt":896,"minecraft:talked_to_villager":5,"minecraft:interact_with_crafting_table":20,"minecraft:fly_one_cm":58794,"minecraft:open_chest":24,"minecraft:crouch_one_cm":36615,"minecraft:play_time":52739,"minecraft:deaths":6,"minecraft:sneak_time":14709,"minecraft:walk_under_water_one_cm":7447,"minecraft:jump":304,"minecraft:time_since_death":5952,"minecraft:walk_on_water_one_cm":2741,"minecraft:total_world_time":52739,"minecraft:fall_one_cm":1589},"minecraft:crafted":{"minecraft:oak_planks":4,"minecraft:cobblestone_slab":144,"minecraft:stick":4,"minecraft:stone_pickaxe":2,"minecraft:furnace":1,"minecraft:stone_axe":1},"minecraft:picked_up":{"minecraft:wooden_axe":1,"minecraft:stick":5,"minecraft:oak_log":5,"minecraft:dirt":5,"minecraft:cobblestone_slab":13,"minecraft:poppy":1,"minecraft:oak_sapling":9,"minecraft:chest":1,"minecraft:cobblestone":95}},"DataVersion":3465}