{"stats":{"minecraft:killed":{"minecraft:zombie":1},"minecraft:used":{"minecraft:wooden_axe":2,"minecraft:lava_bucket":2,"minecraft:stone_pickaxe":115,"minecraft:poppy":1,"minecraft:chest":1,"minecraft:cobblestone_slab":127,"minecraft:stone_axe":2,"minecraft:dirt":3,"minecraft:oak_sapling":2,"minecraft:birch_sign":1,"minecraft:bucket":1,"minecraft:ice":1},"minecraft:mined":{"minecraft:oak_sapling":1,"minecraft:ice":3,"minecraft:grass":1,"minecraft:grass_block":4,"minecraft:oak_log":1,"minecraft:chest":1,"minecraft:dirt":1,"minecraft:tall_grass":3,"minecraft:cobblestone":112,"minecraft:fern":1},"minecraft:custom":{"minecraft:time_since_rest":2070,"minecraft:sprint_one_cm":16621,"minecraft:damage_taken":1256,"minecraft:walk_one_cm":46789,"minecraft:mob_kills":1,"minecraft:damage_dealt":148,"minecraft:interact_with_crafting_table":15,"minecraft:fly_one_cm":49991,"minecraft:open_chest":20,"minecraft:crouch_one_cm":27949,"minecraft:play_time":34739,"minecraft:deaths":5,"minecraft:sneak_time":11260,"minecraft:walk_under_water_one_cm":3157,"minecraft:jump":239,"minecraft:time_since_death":2036,"minecraft:walk_on_water_one_cm":2428,"minecraft:total_world_time":34739,"minecraft:fall_one_cm":1589},"minecraft:crafted":{"minecraft:oak_planks":4,"minecraft:cobblestone_slab":114,"minecraft:stick":4,"minecraft:stone_pickaxe":1,"minecraft:stone_axe":1},"minecraft:picked_up":{"minecraft:wooden_axe":1,"minecraft:stick":2,"minecraft:oak_log":1,"minecraft:dirt":5,"minecraft:cobblestone_slab":13,"minecraft:poppy":1,"minecraft:oak_sapling":2,"minecraft:chest":1,"minecraft:cobblestone":72}},"DataVersion":3465}