{"stats":{"minecraft:killed":{"minecraft:zombie":2,"minecraft:creeper":2},"minecraft:broken":{"minecraft:stone_pickaxe":1},"minecraft:used":{"minecraft:wooden_axe":2,"minecraft:lava_bucket":2,"minecraft:stone_pickaxe":181,"minecraft:oak_planks":2,"minecraft:poppy":1,"minecraft:chest":1,"minecraft:cobblestone_slab":210,"minecraft:stone_axe":16,"minecraft:dirt":3,"minecraft:cobblestone":4,"minecraft:furnace":1,"minecraft:oak_sapling":9,"minecraft:birch_sign":1,"minecraft:bucket":1,"minecraft:oak_boat":1,"minecraft:ice":1},"minecraft:mined":{"minecraft:oak_sapling":4,"minecraft:ice":7,"minecraft:grass":1,"minecraft:grass_block":5,"minecraft:oak_log":5,"minecraft:cobblestone_slab":5,"minecraft:chest":1,"minecraft:dirt":2,"minecraft:tall_grass":3,"minecraft:cobblestone":164,"minecraft:oak_planks":1,"minecraft:oak_leaves":4,"minecraft:fern":1},"minecraft:custom":{"minecraft:time_since_rest":17983,"minecraft:interact_with_furnace":2,"minecraft:sprint_one_cm":25655,"minecraft:damage_taken":1701,"minecraft:walk_one_cm":100284,"minecraft:mob_kills":4,"minecraft:damage_dealt":1315,"minecraft:talked_to_villager":6,"minecraft:interact_with_crafting_table":22,"minecraft:fly_one_cm":67546,"minecraft:open_chest":25,"minecraft:crouch_one_cm":46343,"minecraft:play_time":64739,"minecraft:deaths":6,"minecraft:sneak_time":19004,"minecraft:walk_under_water_one_cm":10280,"minecraft:jump":355,"minecraft:time_since_death":17952,"minecraft:walk_on_water_one_cm":3752,"minecraft:total_world_time":64739,"minecraft:fall_one_cm":3060},"minecraft:crafted":{"minecraft:oak_boat":1,"minecraft:oak_planks":12,"minecraft:cobblestone_slab":192,"minecraft:stick":4,"minecraft:stone_pickaxe":2,"minecraft:furnace":1,"minecraft:stone_axe":1},"minecraft:picked_up":{"minecraft:wooden_axe":1,"minecraft:stick":5,"minecraft:oak_log":5,"minecraft:gunpowder":1,"minecraft:dirt":6,"minecraft:rotten_flesh":1,"minecraft:cobblestone_slab":18,"minecraft:poppy":1,"minecraft:oak_sapling":9,"minecraft:chest":1,"minecraft:oak_planks":1,"minecraft:cobblestone":118}},"DataVersion":3465}