{"stats":{"minecraft:killed_by":{"minecraft:phantom":3},"minecraft:killed":{"minecraft:spider":1,"minecraft:creeper":2,"minecraft:phantom":4,"minecraft:zombie":2},"minecraft:broken":{"minecraft:stone_pickaxe":1},"minecraft:used":{"minecraft:stone_sword":2,"minecraft:snow_block":6,"minecraft:stone_shovel":108,"minecraft:stone_pickaxe":276,"minecraft:poppy":1,"minecraft:oak_planks":2,"minecraft:chest":1,"minecraft:cobblestone_slab":244,"minecraft:dirt":3,"minecraft:sand":1,"minecraft:birch_sign":1,"minecraft:campfire":1,"minecraft:snowball":44,"minecraft:oak_log":1,"minecraft:wooden_axe":5,"minecraft:apple":1,"minecraft:lava_bucket":2,"minecraft:stone_axe":36,"minecraft:cobblestone":5,"minecraft:oak_sapling":16,"minecraft:furnace":1,"minecraft:bucket":1,"minecraft:ice":1,"minecraft:oak_boat":1},"minecraft:mined":{"minecraft:oak_sapling":6,"minecraft:grass_block":5,"minecraft:chest":1,"minecraft:dead_bush":1,"minecraft:cobblestone":251,"minecraft:tall_grass":3,"minecraft:oak_planks":1,"minecraft:fire":1,"minecraft:snow":108,"minecraft:ice":8,"minecraft:grass":1,"minecraft:oak_log":21,"minecraft:cobblestone_slab":10,"minecraft:sand":2,"minecraft:dirt":2,"minecraft:oak_leaves":7,"minecraft:fern":1},"minecraft:custom":{"minecraft:interact_with_furnace":6,"minecraft:mob_kills":9,"minecraft:interact_with_crafting_table":37,"minecraft:leave_game":1,"minecraft:time_since_death":9678,"minecraft:time_since_rest":9826,"minecraft:sprint_one_cm":54392,"minecraft:damage_taken":3401,"minecraft:walk_one_cm":216739,"minecraft:damage_dealt":2301,"minecraft:swim_one_cm":694,"minecraft:talked_to_villager":7,"minecraft:fly_one_cm":104275,"minecraft:player_kills":1,"minecraft:open_chest":39,"minecraft:crouch_one_cm":58052,"minecraft:play_time":112683,"minecraft:deaths":13,"minecraft:sneak_time":23993,"minecraft:walk_under_water_one_cm":17771,"minecraft:jump":613,"minecraft:walk_on_water_one_cm":6451,"minecraft:total_world_time":112683,"minecraft:fall_one_cm":5299},"minecraft:crafted":{"minecraft:oak_planks":12,"minecraft:cobblestone_slab":264,"minecraft:furnace":1,"minecraft:campfire":1,"minecraft:stone_axe":2,"minecraft:oak_boat":1,"minecraft:charcoal":1,"minecraft:stick":8,"minecraft:stone_pickaxe":3,"minecraft:snow_block":28},"minecraft:picked_up":{"minecraft:wooden_axe":1,"minecraft:oak_log":34,"minecraft:gunpowder":3,"minecraft:dirt":8,"minecraft:apple":2,"minecraft:stone_pickaxe":4,"minecraft:cobblestone_slab":74,"minecraft:poppy":1,"minecraft:chest":1,"minecraft:oak_planks":1,"minecraft:phantom_membrane":5,"minecraft:stick":14,"minecraft:sand":1,"minecraft:stone_sword":1,"minecraft:rotten_flesh":2,"minecraft:stone_shovel":2,"minecraft:stone_axe":2,"minecraft:oak_sapling":21,"minecraft:snowball":189,"minecraft:cobblestone":220}},"DataVersion":3465}