{"stats":{"minecraft:killed_by":{"minecraft:phantom":1},"minecraft:killed":{"minecraft:zombie":2,"minecraft:creeper":2,"minecraft:phantom":1},"minecraft:broken":{"minecraft:stone_pickaxe":1},"minecraft:used":{"minecraft:wooden_axe":2,"minecraft:lava_bucket":2,"minecraft:stone_pickaxe":200,"minecraft:oak_planks":2,"minecraft:poppy":1,"minecraft:chest":1,"minecraft:cobblestone_slab":220,"minecraft:stone_axe":25,"minecraft:dirt":3,"minecraft:cobblestone":4,"minecraft:furnace":1,"minecraft:oak_sapling":11,"minecraft:campfire":1,"minecraft:birch_sign":1,"minecraft:bucket":1,"minecraft:oak_boat":1,"minecraft:ice":1},"minecraft:mined":{"minecraft:oak_sapling":5,"minecraft:ice":8,"minecraft:grass":1,"minecraft:grass_block":5,"minecraft:oak_log":11,"minecraft:cobblestone_slab":5,"minecraft:chest":1,"minecraft:dirt":2,"minecraft:tall_grass":3,"minecraft:cobblestone":183,"minecraft:oak_planks":1,"minecraft:oak_leaves":4,"minecraft:fern":1},"minecraft:custom":{"minecraft:time_since_rest":251,"minecraft:interact_with_furnace":4,"minecraft:sprint_one_cm":32795,"minecraft:damage_taken":2091,"minecraft:walk_one_cm":123567,"minecraft:mob_kills":5,"minecraft:damage_dealt":1650,"minecraft:swim_one_cm":694,"minecraft:talked_to_villager":7,"minecraft:interact_with_crafting_table":25,"minecraft:fly_one_cm":79661,"minecraft:open_chest":27,"minecraft:crouch_one_cm":51297,"minecraft:play_time":76739,"minecraft:deaths":8,"minecraft:sneak_time":20614,"minecraft:walk_under_water_one_cm":11499,"minecraft:jump":421,"minecraft:time_since_death":221,"minecraft:walk_on_water_one_cm":4044,"minecraft:total_world_time":76739,"minecraft:fall_one_cm":3755},"minecraft:crafted":{"minecraft:oak_boat":1,"minecraft:oak_planks":12,"minecraft:cobblestone_slab":240,"minecraft:charcoal":1,"minecraft:stick":4,"minecraft:stone_pickaxe":2,"minecraft:furnace":1,"minecraft:campfire":1,"minecraft:stone_axe":1},"minecraft:picked_up":{"minecraft:wooden_axe":1,"minecraft:stick":5,"minecraft:oak_log":15,"minecraft:gunpowder":2,"minecraft:dirt":7,"minecraft:rotten_flesh":1,"minecraft:stone_axe":1,"minecraft:cobblestone_slab":21,"minecraft:poppy":1,"minecraft:oak_sapling":12,"minecraft:chest":1,"minecraft:oak_planks":1,"minecraft:cobblestone":145}},"DataVersion":3465}