{"stats":{"minecraft:killed_by":{"minecraft:phantom":3},"minecraft:killed":{"minecraft:zombie":2,"minecraft:spider":1,"minecraft:creeper":2,"minecraft:phantom":4},"minecraft:broken":{"minecraft:stone_pickaxe":1},"minecraft:used":{"minecraft:oak_log":1,"minecraft:wooden_axe":5,"minecraft:stone_sword":2,"minecraft:apple":1,"minecraft:lava_bucket":2,"minecraft:stone_pickaxe":232,"minecraft:oak_planks":2,"minecraft:poppy":1,"minecraft:chest":1,"minecraft:cobblestone_slab":220,"minecraft:sand":1,"minecraft:stone_axe":32,"minecraft:dirt":3,"minecraft:cobblestone":4,"minecraft:furnace":1,"minecraft:oak_sapling":13,"minecraft:campfire":1,"minecraft:birch_sign":1,"minecraft:bucket":1,"minecraft:oak_boat":1,"minecraft:ice":1},"minecraft:mined":{"minecraft:oak_sapling":5,"minecraft:ice":8,"minecraft:grass":1,"minecraft:grass_block":5,"minecraft:oak_log":17,"minecraft:cobblestone_slab":10,"minecraft:chest":1,"minecraft:dead_bush":1,"minecraft:sand":2,"minecraft:dirt":2,"minecraft:tall_grass":3,"minecraft:cobblestone":209,"minecraft:oak_planks":1,"minecraft:oak_leaves":6,"minecraft:fern":1},"minecraft:custom":{"minecraft:time_since_rest":7036,"minecraft:interact_with_furnace":6,"minecraft:sprint_one_cm":47298,"minecraft:damage_taken":2891,"minecraft:walk_one_cm":164476,"minecraft:mob_kills":9,"minecraft:damage_dealt":2294,"minecraft:swim_one_cm":694,"minecraft:talked_to_villager":7,"minecraft:interact_with_crafting_table":27,"minecraft:fly_one_cm":96962,"minecraft:open_chest":33,"minecraft:crouch_one_cm":52385,"minecraft:play_time":88739,"minecraft:deaths":11,"minecraft:sneak_time":21954,"minecraft:walk_under_water_one_cm":16200,"minecraft:jump":536,"minecraft:time_since_death":7005,"minecraft:walk_on_water_one_cm":5774,"minecraft:total_world_time":88739,"minecraft:fall_one_cm":4289},"minecraft:crafted":{"minecraft:oak_boat":1,"minecraft:oak_planks":12,"minecraft:cobblestone_slab":240,"minecraft:charcoal":1,"minecraft:stick":8,"minecraft:stone_pickaxe":3,"minecraft:furnace":1,"minecraft:campfire":1,"minecraft:stone_axe":1},"minecraft:picked_up":{"minecraft:wooden_axe":1,"minecraft:stick":9,"minecraft:sand":1,"minecraft:oak_log":26,"minecraft:gunpowder":3,"minecraft:dirt":8,"minecraft:stone_sword":1,"minecraft:apple":2,"minecraft:rotten_flesh":2,"minecraft:stone_axe":2,"minecraft:stone_pickaxe":3,"minecraft:cobblestone_slab":74,"minecraft:poppy":1,"minecraft:oak_sapling":15,"minecraft:chest":1,"minecraft:oak_planks":1,"minecraft:phantom_membrane":5,"minecraft:cobblestone":169}},"DataVersion":3465}