{"stats":{"minecraft:killed_by":{"minecraft:phantom":3},"minecraft:killed":{"minecraft:spider":1,"minecraft:creeper":2,"minecraft:phantom":4,"minecraft:zombie":2},"minecraft:broken":{"minecraft:stone_pickaxe":1},"minecraft:used":{"minecraft:stone_sword":2,"minecraft:snow_block":6,"minecraft:stone_shovel":112,"minecraft:stone_pickaxe":320,"minecraft:poppy":1,"minecraft:oak_planks":2,"minecraft:chest":1,"minecraft:cobblestone_slab":244,"minecraft:torch":1,"minecraft:dirt":3,"minecraft:sand":1,"minecraft:birch_sign":1,"minecraft:campfire":1,"minecraft:snowball":52,"minecraft:pumpkin_seeds":1,"minecraft:oak_log":1,"minecraft:wooden_axe":5,"minecraft:wooden_hoe":1,"minecraft:apple":2,"minecraft:lava_bucket":2,"minecraft:stone_axe":45,"minecraft:cobblestone":5,"minecraft:oak_sapling":17,"minecraft:furnace":1,"minecraft:bucket":1,"minecraft:ice":1,"minecraft:oak_boat":1},"minecraft:mined":{"minecraft:oak_sapling":6,"minecraft:grass_block":5,"minecraft:chest":1,"minecraft:dead_bush":1,"minecraft:cobblestone":294,"minecraft:tall_grass":3,"minecraft:oak_planks":1,"minecraft:fire":1,"minecraft:snow":112,"minecraft:ice":8,"minecraft:grass":1,"minecraft:oak_log":26,"minecraft:cobblestone_slab":10,"minecraft:sand":2,"minecraft:dirt":2,"minecraft:oak_leaves":7,"minecraft:fern":1},"minecraft:custom":{"minecraft:interact_with_furnace":10,"minecraft:mob_kills":9,"minecraft:interact_with_crafting_table":41,"minecraft:leave_game":1,"minecraft:time_since_death":33678,"minecraft:time_since_rest":33826,"minecraft:sprint_one_cm":57087,"minecraft:damage_taken":3611,"minecraft:walk_one_cm":273514,"minecraft:drop":20,"minecraft:damage_dealt":2615,"minecraft:swim_one_cm":694,"minecraft:talked_to_villager":7,"minecraft:fly_one_cm":108990,"minecraft:player_kills":4,"minecraft:open_chest":44,"minecraft:crouch_one_cm":61185,"minecraft:play_time":136683,"minecraft:deaths":13,"minecraft:sneak_time":26252,"minecraft:walk_under_water_one_cm":28875,"minecraft:jump":676,"minecraft:walk_on_water_one_cm":7183,"minecraft:total_world_time":136683,"minecraft:fall_one_cm":5508},"minecraft:dropped":{"minecraft:snow_block":70,"minecraft:stone_axe":1,"minecraft:stone_shovel":1,"minecraft:stone_pickaxe":2},"minecraft:crafted":{"minecraft:oak_planks":12,"minecraft:cobblestone_slab":264,"minecraft:furnace":1,"minecraft:campfire":1,"minecraft:stone_axe":3,"minecraft:oak_boat":1,"minecraft:wooden_hoe":1,"minecraft:charcoal":2,"minecraft:stick":8,"minecraft:stone_pickaxe":3,"minecraft:snow_block":28,"minecraft:torch":4},"minecraft:picked_up":{"minecraft:wooden_axe":1,"minecraft:oak_log":41,"minecraft:gunpowder":3,"minecraft:dirt":8,"minecraft:apple":3,"minecraft:stone_pickaxe":6,"minecraft:cobblestone_slab":74,"minecraft:poppy":1,"minecraft:chest":1,"minecraft:oak_planks":3,"minecraft:phantom_membrane":5,"minecraft:stick":17,"minecraft:snow_block":48,"minecraft:sand":1,"minecraft:stone_sword":1,"minecraft:rotten_flesh":2,"minecraft:stone_shovel":3,"minecraft:stone_axe":4,"minecraft:oak_sapling":27,"minecraft:snowball":204,"minecraft:cobblestone":269}},"DataVersion":3465}