{"stats":{"minecraft:used":{"minecraft:wooden_axe":2,"minecraft:lava_bucket":2,"minecraft:dirt":3,"minecraft:oak_sapling":1,"minecraft:stone_pickaxe":74,"minecraft:birch_sign":1,"minecraft:bucket":1,"minecraft:ice":1,"minecraft:cobblestone_slab":73},"minecraft:mined":{"minecraft:grass":1,"minecraft:oak_log":1,"minecraft:grass_block":4,"minecraft:dirt":1,"minecraft:cobblestone":71,"minecraft:tall_grass":3,"minecraft:ice":3,"minecraft:fern":1},"minecraft:custom":{"minecraft:time_since_rest":13448,"minecraft:open_chest":16,"minecraft:crouch_one_cm":18460,"minecraft:play_time":22739,"minecraft:sprint_one_cm":6298,"minecraft:deaths":4,"minecraft:damage_taken":1115,"minecraft:walk_one_cm":23718,"minecraft:sneak_time":7058,"minecraft:jump":129,"minecraft:damage_dealt":85,"minecraft:walk_on_water_one_cm":1506,"minecraft:time_since_death":13418,"minecraft:total_world_time":22739,"minecraft:interact_with_crafting_table":12,"minecraft:fall_one_cm":1171,"minecraft:fly_one_cm":22815},"minecraft:crafted":{"minecraft:oak_planks":4,"minecraft:cobblestone_slab":60,"minecraft:stone_axe":1,"minecraft:stick":4,"minecraft:stone_pickaxe":1},"minecraft:picked_up":{"minecraft:wooden_axe":1,"minecraft:stick":2,"minecraft:oak_log":1,"minecraft:cobblestone_slab":13,"minecraft:poppy":1,"minecraft:oak_sapling":1,"minecraft:dirt":5,"minecraft:cobblestone":39}},"DataVersion":3465}