{"stats":{"minecraft:used":{"minecraft:wooden_axe":1,"minecraft:lava_bucket":2,"minecraft:dirt":2,"minecraft:birch_sign":1,"minecraft:bucket":1,"minecraft:ice":1,"minecraft:cobblestone_slab":9},"minecraft:mined":{"minecraft:grass":1,"minecraft:grass_block":2,"minecraft:tall_grass":3,"minecraft:ice":2,"minecraft:fern":1},"minecraft:custom":{"minecraft:time_since_rest":1448,"minecraft:open_chest":12,"minecraft:crouch_one_cm":5003,"minecraft:play_time":10739,"minecraft:sprint_one_cm":33,"minecraft:deaths":4,"minecraft:damage_taken":975,"minecraft:walk_one_cm":10435,"minecraft:sneak_time":1632,"minecraft:jump":36,"minecraft:damage_dealt":85,"minecraft:walk_on_water_one_cm":1336,"minecraft:time_since_death":1418,"minecraft:total_world_time":10739,"minecraft:interact_with_crafting_table":2,"minecraft:fall_one_cm":544,"minecraft:fly_one_cm":584},"minecraft:picked_up":{"minecraft:wooden_axe":1,"minecraft:cobblestone_slab":13,"minecraft:poppy":1,"minecraft:dirt":2}},"DataVersion":3465}