{"stats":{"minecraft:killed":{"minecraft:zombie":2},"minecraft:used":{"minecraft:moss_block":1,"minecraft:wooden_axe":3,"minecraft:dirt":1,"minecraft:cobblestone":1,"minecraft:stone_pickaxe":42,"minecraft:spore_blossom":1,"minecraft:cobblestone_slab":1},"minecraft:mined":{"minecraft:cobblestone_slab":1,"minecraft:dirt":2,"minecraft:cobblestone":39,"minecraft:moss_block":1},"minecraft:custom":{"minecraft:time_since_rest":28998,"minecraft:open_chest":11,"minecraft:play_time":28998,"minecraft:crouch_one_cm":4493,"minecraft:interact_with_furnace":2,"minecraft:sprint_one_cm":2519,"minecraft:damage_taken":40,"minecraft:walk_one_cm":31777,"minecraft:sneak_time":2363,"minecraft:walk_under_water_one_cm":16350,"minecraft:mob_kills":2,"minecraft:jump":77,"minecraft:damage_dealt":276,"minecraft:time_since_death":28998,"minecraft:walk_on_water_one_cm":1983,"minecraft:total_world_time":28998,"minecraft:talked_to_villager":6,"minecraft:fall_one_cm":2552,"minecraft:fly_one_cm":3018},"minecraft:picked_up":{"minecraft:rotten_flesh":2,"minecraft:spore_blossom":1,"minecraft:stone_pickaxe":1,"minecraft:cobblestone_slab":1,"minecraft:moss_block":1,"minecraft:dirt":3,"minecraft:cobblestone":34}},"DataVersion":3465}