{"stats":{"minecraft:killed":{"minecraft:zombie":2},"minecraft:broken":{"minecraft:stone_pickaxe":1},"minecraft:used":{"minecraft:moss_block":2,"minecraft:wooden_axe":3,"minecraft:stone_pickaxe":220,"minecraft:spore_blossom":1,"minecraft:cobblestone_slab":4,"minecraft:stone_axe":7,"minecraft:dirt":1,"minecraft:cobblestone":1,"minecraft:oak_sapling":4,"minecraft:snowball":6},"minecraft:mined":{"minecraft:fire":2,"minecraft:oak_log":5,"minecraft:cobblestone_slab":2,"minecraft:dirt":2,"minecraft:cobblestone":216,"minecraft:moss_block":1,"minecraft:oak_leaves":3},"minecraft:custom":{"minecraft:time_since_rest":26906,"minecraft:sprint_one_cm":20526,"minecraft:interact_with_furnace":4,"minecraft:damage_taken":665,"minecraft:walk_one_cm":66055,"minecraft:mob_kills":2,"minecraft:damage_dealt":346,"minecraft:talked_to_villager":6,"minecraft:interact_with_crafting_table":3,"minecraft:fly_one_cm":22085,"minecraft:open_chest":32,"minecraft:crouch_one_cm":10845,"minecraft:play_time":76184,"minecraft:deaths":2,"minecraft:sneak_time":4135,"minecraft:walk_under_water_one_cm":34809,"minecraft:jump":215,"minecraft:leave_game":1,"minecraft:walk_on_water_one_cm":6087,"minecraft:time_since_death":26721,"minecraft:total_world_time":76184,"minecraft:fall_one_cm":4284},"minecraft:crafted":{"minecraft:stone_pickaxe":1},"minecraft:picked_up":{"minecraft:stick":3,"minecraft:oak_log":14,"minecraft:string":2,"minecraft:dirt":3,"minecraft:rotten_flesh":2,"minecraft:stone_axe":1,"minecraft:spore_blossom":1,"minecraft:stone_pickaxe":1,"minecraft:cobblestone_slab":4,"minecraft:oak_sapling":8,"minecraft:moss_block":2,"minecraft:oak_planks":3,"minecraft:snowball":3,"minecraft:cobblestone":169}},"DataVersion":3465}