{"stats":{"minecraft:killed":{"minecraft:zombie":2},"minecraft:used":{"minecraft:moss_block":2,"minecraft:wooden_axe":3,"minecraft:dirt":1,"minecraft:cobblestone":1,"minecraft:oak_sapling":2,"minecraft:stone_pickaxe":89,"minecraft:spore_blossom":1,"minecraft:cobblestone_slab":1},"minecraft:mined":{"minecraft:cobblestone_slab":2,"minecraft:dirt":2,"minecraft:cobblestone":85,"minecraft:moss_block":1,"minecraft:oak_leaves":1},"minecraft:custom":{"minecraft:time_since_rest":2595,"minecraft:open_chest":11,"minecraft:play_time":40998,"minecraft:crouch_one_cm":4832,"minecraft:interact_with_furnace":2,"minecraft:sprint_one_cm":6448,"minecraft:deaths":1,"minecraft:damage_taken":460,"minecraft:walk_one_cm":39273,"minecraft:sneak_time":2684,"minecraft:walk_under_water_one_cm":29914,"minecraft:mob_kills":2,"minecraft:jump":99,"minecraft:damage_dealt":276,"minecraft:time_since_death":2563,"minecraft:walk_on_water_one_cm":2333,"minecraft:total_world_time":40998,"minecraft:talked_to_villager":6,"minecraft:fall_one_cm":2552,"minecraft:fly_one_cm":5011},"minecraft:picked_up":{"minecraft:stick":1,"minecraft:rotten_flesh":2,"minecraft:spore_blossom":1,"minecraft:stone_pickaxe":1,"minecraft:cobblestone_slab":1,"minecraft:oak_sapling":4,"minecraft:moss_block":2,"minecraft:dirt":3,"minecraft:cobblestone":64}},"DataVersion":3465}