{"stats":{"minecraft:killed_by":{"minecraft:player":1},"minecraft:killed":{"minecraft:zombie":2},"minecraft:broken":{"minecraft:stone_pickaxe":1},"minecraft:used":{"minecraft:moss_block":2,"minecraft:wooden_axe":3,"minecraft:snow_block":41,"minecraft:oak_planks":3,"minecraft:stone_pickaxe":249,"minecraft:stone_shovel":66,"minecraft:spore_blossom":1,"minecraft:cobblestone_slab":74,"minecraft:dirt":15,"minecraft:stone_axe":9,"minecraft:cobblestone":2,"minecraft:oak_sapling":19,"minecraft:beetroot_seeds":1,"minecraft:snowball":8,"minecraft:obsidian":10},"minecraft:mined":{"minecraft:oak_sapling":2,"minecraft:fire":7,"minecraft:snow":65,"minecraft:grass_block":1,"minecraft:oak_log":7,"minecraft:beetroots":1,"minecraft:cobblestone_slab":2,"minecraft:dirt":3,"minecraft:cobblestone":245,"minecraft:oak_planks":3,"minecraft:moss_block":1,"minecraft:oak_leaves":4},"minecraft:custom":{"minecraft:time_since_rest":13010,"minecraft:interact_with_furnace":9,"minecraft:sprint_one_cm":87737,"minecraft:damage_taken":1519,"minecraft:walk_one_cm":122781,"minecraft:mob_kills":2,"minecraft:drop":1,"minecraft:damage_dealt":666,"minecraft:interact_with_crafting_table":6,"minecraft:talked_to_villager":6,"minecraft:fly_one_cm":74600,"minecraft:open_chest":68,"minecraft:crouch_one_cm":31124,"minecraft:play_time":133844,"minecraft:walk_under_water_one_cm":39785,"minecraft:sneak_time":8702,"minecraft:deaths":5,"minecraft:jump":543,"minecraft:leave_game":5,"minecraft:time_since_death":12968,"minecraft:walk_on_water_one_cm":6567,"minecraft:total_world_time":133844,"minecraft:fall_one_cm":11862},"minecraft:dropped":{"minecraft:oak_sapling":1},"minecraft:crafted":{"minecraft:oak_planks":8,"minecraft:cobblestone_slab":126,"minecraft:stone_shovel":1,"minecraft:charcoal":4,"minecraft:stick":4,"minecraft:stone_pickaxe":1,"minecraft:snow_block":20,"minecraft:air":0},"minecraft:picked_up":{"minecraft:stick":18,"minecraft:snow_block":7,"minecraft:oak_log":27,"minecraft:dirt":3,"minecraft:string":2,"minecraft:rotten_flesh":2,"minecraft:stone_shovel":1,"minecraft:apple":1,"minecraft:beetroot":1,"minecraft:beetroot_seeds":2,"minecraft:stone_axe":1,"minecraft:spore_blossom":1,"minecraft:stone_pickaxe":3,"minecraft:cobblestone_slab":5,"minecraft:oak_sapling":30,"minecraft:moss_block":2,"minecraft:oak_planks":5,"minecraft:snowball":98,"minecraft:cobblestone":189}},"DataVersion":3465}