{"stats":{"minecraft:killed":{"minecraft:zombie":2},"minecraft:used":{"minecraft:moss_block":2,"minecraft:wooden_axe":3,"minecraft:dirt":1,"minecraft:cobblestone":1,"minecraft:oak_sapling":2,"minecraft:stone_pickaxe":89,"minecraft:spore_blossom":1,"minecraft:cobblestone_slab":4},"minecraft:mined":{"minecraft:cobblestone_slab":2,"minecraft:dirt":2,"minecraft:cobblestone":85,"minecraft:moss_block":1,"minecraft:oak_leaves":1},"minecraft:custom":{"minecraft:open_chest":15,"minecraft:time_since_rest":2906,"minecraft:crouch_one_cm":9206,"minecraft:play_time":52184,"minecraft:interact_with_furnace":4,"minecraft:sprint_one_cm":8573,"minecraft:damage_taken":580,"minecraft:walk_one_cm":46828,"minecraft:deaths":2,"minecraft:sneak_time":3298,"minecraft:walk_under_water_one_cm":30463,"minecraft:mob_kills":2,"minecraft:jump":139,"minecraft:damage_dealt":346,"minecraft:leave_game":1,"minecraft:time_since_death":2721,"minecraft:walk_on_water_one_cm":2458,"minecraft:total_world_time":52184,"minecraft:interact_with_crafting_table":2,"minecraft:fly_one_cm":10750,"minecraft:talked_to_villager":6,"minecraft:fall_one_cm":3030},"minecraft:picked_up":{"minecraft:stick":3,"minecraft:rotten_flesh":2,"minecraft:spore_blossom":1,"minecraft:stone_pickaxe":1,"minecraft:cobblestone_slab":4,"minecraft:oak_sapling":5,"minecraft:moss_block":2,"minecraft:oak_planks":3,"minecraft:dirt":3,"minecraft:string":2,"minecraft:cobblestone":72}},"DataVersion":3465}