{"stats":{"minecraft:killed":{"minecraft:zombie":2},"minecraft:used":{"minecraft:wooden_axe":3,"minecraft:cobblestone_slab":1},"minecraft:custom":{"minecraft:jump":25,"minecraft:open_chest":7,"minecraft:time_since_rest":16998,"minecraft:sprint_one_cm":229,"minecraft:interact_with_furnace":1,"minecraft:damage_dealt":267,"minecraft:crouch_one_cm":898,"minecraft:play_time":16998,"minecraft:walk_on_water_one_cm":496,"minecraft:time_since_death":16998,"minecraft:walk_one_cm":13506,"minecraft:sneak_time":153,"minecraft:total_world_time":16998,"minecraft:walk_under_water_one_cm":4201,"minecraft:mob_kills":2,"minecraft:talked_to_villager":5,"minecraft:fall_one_cm":209},"minecraft:picked_up":{"minecraft:cobblestone_slab":1,"minecraft:rotten_flesh":2,"minecraft:cobblestone":1}},"DataVersion":3465}