{"stats":{"minecraft:killed_by":{"minecraft:player":2},"minecraft:killed":{"minecraft:zombie":2},"minecraft:broken":{"minecraft:stone_pickaxe":2},"minecraft:used":{"minecraft:moss_block":2,"minecraft:wooden_axe":3,"minecraft:snow_block":41,"minecraft:oak_planks":3,"minecraft:stone_pickaxe":325,"minecraft:stone_shovel":66,"minecraft:spore_blossom":1,"minecraft:cobblestone_slab":74,"minecraft:dirt":15,"minecraft:stone_axe":9,"minecraft:cobblestone":3,"minecraft:oak_sapling":21,"minecraft:birch_sign":1,"minecraft:beetroot_seeds":2,"minecraft:piglin_head":1,"minecraft:snowball":8,"minecraft:obsidian":10},"minecraft:mined":{"minecraft:oak_sapling":2,"minecraft:fire":7,"minecraft:snow":65,"minecraft:piglin_head":3,"minecraft:grass_block":1,"minecraft:oak_log":7,"minecraft:beetroots":2,"minecraft:cobblestone_slab":2,"minecraft:dirt":3,"minecraft:cobblestone":319,"minecraft:birch_sign":1,"minecraft:oak_planks":3,"minecraft:moss_block":1,"minecraft:oak_leaves":11},"minecraft:custom":{"minecraft:time_since_rest":4166,"minecraft:interact_with_furnace":10,"minecraft:sprint_one_cm":107678,"minecraft:damage_taken":1696,"minecraft:walk_one_cm":157174,"minecraft:mob_kills":2,"minecraft:drop":5,"minecraft:damage_dealt":755,"minecraft:interact_with_crafting_table":6,"minecraft:talked_to_villager":6,"minecraft:fly_one_cm":101637,"minecraft:open_chest":87,"minecraft:play_time":157053,"minecraft:crouch_one_cm":36766,"minecraft:walk_under_water_one_cm":39785,"minecraft:sneak_time":10199,"minecraft:deaths":6,"minecraft:jump":758,"minecraft:leave_game":6,"minecraft:time_since_death":4123,"minecraft:walk_on_water_one_cm":6606,"minecraft:total_world_time":157053,"minecraft:fall_one_cm":15022},"minecraft:dropped":{"minecraft:oak_sapling":2,"minecraft:piglin_head":1,"minecraft:stone_pickaxe":1,"minecraft:stick":5},"minecraft:crafted":{"minecraft:oak_planks":8,"minecraft:cobblestone_slab":126,"minecraft:stone_shovel":1,"minecraft:charcoal":4,"minecraft:stick":4,"minecraft:stone_pickaxe":1,"minecraft:snow_block":20,"minecraft:air":0},"minecraft:picked_up":{"minecraft:stick":29,"minecraft:snow_block":7,"minecraft:oak_log":27,"minecraft:dirt":3,"minecraft:string":2,"minecraft:piglin_head":3,"minecraft:stone_shovel":1,"minecraft:rotten_flesh":2,"minecraft:apple":3,"minecraft:beetroot":1,"minecraft:beetroot_seeds":3,"minecraft:stone_axe":1,"minecraft:spore_blossom":1,"minecraft:stone_pickaxe":5,"minecraft:birch_sign":1,"minecraft:cobblestone_slab":5,"minecraft:oak_sapling":40,"minecraft:moss_block":2,"minecraft:oak_planks":5,"minecraft:snowball":98,"minecraft:cobblestone":241}},"DataVersion":3465}