{"stats":{"minecraft:killed_by":{"minecraft:player":1},"minecraft:killed":{"minecraft:zombie":2},"minecraft:broken":{"minecraft:stone_pickaxe":1},"minecraft:used":{"minecraft:moss_block":2,"minecraft:wooden_axe":3,"minecraft:snow_block":16,"minecraft:stone_shovel":65,"minecraft:stone_pickaxe":220,"minecraft:spore_blossom":1,"minecraft:cobblestone_slab":4,"minecraft:stone_axe":7,"minecraft:dirt":1,"minecraft:cobblestone":1,"minecraft:oak_sapling":6,"minecraft:beetroot_seeds":1,"minecraft:snowball":8},"minecraft:mined":{"minecraft:fire":2,"minecraft:snow":65,"minecraft:oak_log":5,"minecraft:beetroots":1,"minecraft:cobblestone_slab":2,"minecraft:dirt":2,"minecraft:cobblestone":216,"minecraft:moss_block":1,"minecraft:oak_leaves":3},"minecraft:custom":{"minecraft:time_since_rest":1196,"minecraft:sprint_one_cm":31618,"minecraft:interact_with_furnace":4,"minecraft:damage_taken":884,"minecraft:walk_one_cm":78429,"minecraft:mob_kills":2,"minecraft:damage_dealt":346,"minecraft:talked_to_villager":6,"minecraft:interact_with_crafting_table":5,"minecraft:fly_one_cm":25187,"minecraft:open_chest":38,"minecraft:crouch_one_cm":13578,"minecraft:play_time":88184,"minecraft:deaths":3,"minecraft:sneak_time":4641,"minecraft:walk_under_water_one_cm":34809,"minecraft:jump":241,"minecraft:leave_game":1,"minecraft:walk_on_water_one_cm":6087,"minecraft:time_since_death":1128,"minecraft:total_world_time":88184,"minecraft:fall_one_cm":4951},"minecraft:crafted":{"minecraft:oak_planks":4,"minecraft:stone_shovel":1,"minecraft:stick":4,"minecraft:stone_pickaxe":1,"minecraft:snow_block":16},"minecraft:picked_up":{"minecraft:stick":4,"minecraft:snow_block":7,"minecraft:oak_log":14,"minecraft:string":2,"minecraft:dirt":3,"minecraft:beetroot":1,"minecraft:rotten_flesh":2,"minecraft:beetroot_seeds":2,"minecraft:stone_axe":1,"minecraft:spore_blossom":1,"minecraft:stone_pickaxe":2,"minecraft:cobblestone_slab":4,"minecraft:oak_sapling":11,"minecraft:moss_block":2,"minecraft:oak_planks":3,"minecraft:snowball":98,"minecraft:cobblestone":169}},"DataVersion":3465}