{"stats":{"minecraft:killed":{"minecraft:zombie":2},"minecraft:used":{"minecraft:moss_block":2,"minecraft:wooden_axe":3,"minecraft:stone_pickaxe":182,"minecraft:spore_blossom":1,"minecraft:cobblestone_slab":4,"minecraft:dirt":1,"minecraft:cobblestone":1,"minecraft:oak_sapling":2,"minecraft:snowball":3},"minecraft:mined":{"minecraft:cobblestone_slab":2,"minecraft:dirt":2,"minecraft:cobblestone":178,"minecraft:moss_block":1,"minecraft:oak_leaves":1},"minecraft:custom":{"minecraft:time_since_rest":14906,"minecraft:sprint_one_cm":10372,"minecraft:interact_with_furnace":4,"minecraft:damage_taken":580,"minecraft:walk_one_cm":54017,"minecraft:mob_kills":2,"minecraft:damage_dealt":346,"minecraft:talked_to_villager":6,"minecraft:interact_with_crafting_table":2,"minecraft:fly_one_cm":16344,"minecraft:open_chest":22,"minecraft:crouch_one_cm":10491,"minecraft:play_time":64184,"minecraft:deaths":2,"minecraft:sneak_time":3972,"minecraft:walk_under_water_one_cm":34809,"minecraft:jump":176,"minecraft:leave_game":1,"minecraft:walk_on_water_one_cm":3393,"minecraft:time_since_death":14721,"minecraft:total_world_time":64184,"minecraft:fall_one_cm":3657},"minecraft:crafted":{"minecraft:stone_pickaxe":1},"minecraft:picked_up":{"minecraft:stick":3,"minecraft:string":2,"minecraft:dirt":3,"minecraft:rotten_flesh":2,"minecraft:spore_blossom":1,"minecraft:stone_pickaxe":1,"minecraft:cobblestone_slab":4,"minecraft:oak_sapling":5,"minecraft:moss_block":2,"minecraft:oak_planks":3,"minecraft:snowball":1,"minecraft:cobblestone":137}},"DataVersion":3465}