{"stats":{"minecraft:picked_up":{"minecraft:beetroot":1,"minecraft:beetroot_seeds":2,"minecraft:torch":1,"minecraft:dirt":3},"minecraft:custom":{"minecraft:jump":11,"minecraft:time_since_rest":1,"minecraft:leave_game":1,"minecraft:deaths":3,"minecraft:play_time":1952,"minecraft:damage_taken":740,"minecraft:time_since_death":0,"minecraft:walk_one_cm":10614,"minecraft:total_world_time":1952,"minecraft:fall_one_cm":484},"minecraft:mined":{"minecraft:grass_block":1,"minecraft:farmland":1}},"DataVersion":3465}