{"stats":{"minecraft:dropped":{"minecraft:iron_ingot":1,"minecraft:stone_axe":2,"minecraft:wheat_seeds":1,"minecraft:stone_sword":3,"minecraft:crafting_table":1,"minecraft:birch_sapling":1,"minecraft:cobblestone":39,"minecraft:rotten_flesh":56,"minecraft:oak_planks":131,"minecraft:grass_block":1,"minecraft:pumpkin_seeds":2,"minecraft:filled_map":2,"minecraft:oxeye_daisy":1,"minecraft:lava_bucket":1,"minecraft:poppy":1,"minecraft:leather_chestplate":1,"minecraft:dirt":4,"minecraft:cobblestone_slab":22,"minecraft:gunpowder":100,"minecraft:ice":1,"minecraft:torch":3,"minecraft:melon_seeds":2,"minecraft:snowball":8,"minecraft:oak_sapling":34,"minecraft:bow":1,"minecraft:spider_eye":1,"minecraft:bone_meal":1,"minecraft:blue_orchid":2,"minecraft:arrow":32,"minecraft:wooden_pickaxe":1,"minecraft:sugar":2,"minecraft:string":15,"minecraft:birch_log":9,"minecraft:dandelion":1,"minecraft:bone":17},"minecraft:mined":{"minecraft:dandelion":1,"minecraft:crafting_table":4,"minecraft:grass_block":1,"minecraft:cobblestone":157,"minecraft:tall_grass":2,"minecraft:oak_planks":1,"minecraft:oxeye_daisy":1,"minecraft:fire":1,"minecraft:potatoes":1,"minecraft:grass":2,"minecraft:cobblestone_slab":1,"minecraft:oak_log":87,"minecraft:dirt":4,"minecraft:blue_orchid":1,"minecraft:oak_leaves":37,"minecraft:fern":1},"minecraft:broken":{"minecraft:stone_pickaxe":1},"minecraft:killed":{"minecraft:zombie_villager":2,"minecraft:spider":1,"minecraft:creeper":38,"minecraft:skeleton":32,"minecraft:zombie":37},"minecraft:used":{"minecraft:stone_sword":52,"minecraft:stone_pickaxe":131,"minecraft:baked_potato":8,"minecraft:oak_planks":1,"minecraft:chest":1,"minecraft:leather_chestplate":2,"minecraft:wooden_pickaxe":31,"minecraft:cobblestone_slab":15,"minecraft:rotten_flesh":2,"minecraft:dirt":6,"minecraft:oak_slab":30,"minecraft:crafting_table":6,"minecraft:apple":1,"minecraft:stone_axe":99,"minecraft:bow":7,"minecraft:cobblestone":50,"minecraft:oak_sapling":12,"minecraft:oak_boat":3,"minecraft:potato":1,"minecraft:bone_meal":69},"minecraft:crafted":{"minecraft:oak_planks":356,"minecraft:oak_slab":30,"minecraft:cobblestone_slab":12,"minecraft:crafting_table":4,"minecraft:baked_potato":8,"minecraft:wooden_pickaxe":1,"minecraft:bone_meal":87,"minecraft:birch_planks":4,"minecraft:stone_axe":2,"minecraft:air":0,"minecraft:stick":36,"minecraft:stone_pickaxe":1,"minecraft:chest":1,"minecraft:stone_sword":2},"minecraft:killed_by":{"minecraft:player":2,"minecraft:skeleton":1},"minecraft:custom":{"minecraft:interact_with_furnace":9,"minecraft:mob_kills":113,"minecraft:interact_with_crafting_table":16,"minecraft:leave_game":3,"minecraft:time_since_death":17189,"minecraft:time_since_rest":17211,"minecraft:sprint_one_cm":146183,"minecraft:damage_taken":1194,"minecraft:walk_one_cm":155830,"minecraft:drop":61,"minecraft:damage_dealt":1314,"minecraft:swim_one_cm":287,"minecraft:fly_one_cm":157018,"minecraft:open_chest":37,"minecraft:crouch_one_cm":16810,"minecraft:play_time":58518,"minecraft:deaths":3,"minecraft:sneak_time":9562,"minecraft:walk_under_water_one_cm":10166,"minecraft:boat_one_cm":266,"minecraft:jump":644,"minecraft:walk_on_water_one_cm":4846,"minecraft:total_world_time":58518,"minecraft:fall_one_cm":3402},"minecraft:picked_up":{"minecraft:birch_log":10,"minecraft:crafting_table":7,"minecraft:leather_chestplate":3,"minecraft:wooden_pickaxe":2,"minecraft:potato":3,"minecraft:filled_map":1,"minecraft:oak_log":89,"minecraft:gunpowder":139,"minecraft:dirt":10,"minecraft:string":17,"minecraft:bone":63,"minecraft:blue_orchid":2,"minecraft:apple":4,"minecraft:bow":3,"minecraft:wheat_seeds":1,"minecraft:iron_ingot":1,"minecraft:stone_pickaxe":3,"minecraft:oak_boat":4,"minecraft:cobblestone_slab":32,"minecraft:poppy":1,"minecraft:birch_sapling":4,"minecraft:oak_planks":62,"minecraft:stick":53,"minecraft:dandelion":1,"minecraft:torch":4,"minecraft:grass_block":1,"minecraft:spider_eye":1,"minecraft:pumpkin_seeds":2,"minecraft:stone_sword":5,"minecraft:arrow":85,"minecraft:sugar":2,"minecraft:rotten_flesh":89,"minecraft:stone_axe":3,"minecraft:bone_meal":1,"minecraft:baked_potato":1,"minecraft:oak_sapling":46,"minecraft:melon_seeds":2,"minecraft:snowball":16,"minecraft:cobblestone":248,"minecraft:oxeye_daisy":1}},"DataVersion":3465}