{"stats":{"minecraft:dropped":{"minecraft:iron_ingot":1,"minecraft:stone_axe":2,"minecraft:wheat_seeds":1,"minecraft:baked_potato":1,"minecraft:stone_sword":3,"minecraft:crafting_table":1,"minecraft:birch_sapling":1,"minecraft:oak_fence":1,"minecraft:cobblestone":39,"minecraft:rotten_flesh":94,"minecraft:oak_planks":131,"minecraft:grass_block":1,"minecraft:pumpkin_seeds":2,"minecraft:filled_map":2,"minecraft:oxeye_daisy":1,"minecraft:lava_bucket":1,"minecraft:poppy":1,"minecraft:leather_chestplate":1,"minecraft:dirt":4,"minecraft:cobblestone_slab":24,"minecraft:gunpowder":102,"minecraft:ice":1,"minecraft:torch":3,"minecraft:melon_seeds":2,"minecraft:birch_boat":2,"minecraft:oak_boat":1,"minecraft:snowball":8,"minecraft:oak_sapling":35,"minecraft:bow":5,"minecraft:spider_eye":5,"minecraft:bone_meal":1,"minecraft:blue_orchid":2,"minecraft:arrow":32,"minecraft:wooden_pickaxe":1,"minecraft:sugar":2,"minecraft:string":18,"minecraft:birch_log":10,"minecraft:dandelion":1,"minecraft:bone":17},"minecraft:mined":{"minecraft:oak_slab":1,"minecraft:white_bed":2,"minecraft:dandelion":1,"minecraft:crafting_table":6,"minecraft:grass_block":1,"minecraft:cobblestone":181,"minecraft:tall_grass":2,"minecraft:oak_planks":5,"minecraft:oxeye_daisy":1,"minecraft:birch_log":1,"minecraft:fire":1,"minecraft:potatoes":2,"minecraft:grass":2,"minecraft:cobblestone_slab":8,"minecraft:oak_log":97,"minecraft:dirt":4,"minecraft:blue_orchid":1,"minecraft:oak_leaves":38,"minecraft:fern":1},"minecraft:broken":{"minecraft:stone_pickaxe":1,"minecraft:stone_axe":1},"minecraft:killed":{"minecraft:zombie_villager":3,"minecraft:spider":2,"minecraft:creeper":83,"minecraft:skeleton":89,"minecraft:zombie":76},"minecraft:used":{"minecraft:stone_sword":74,"minecraft:stone_pickaxe":163,"minecraft:baked_potato":24,"minecraft:oak_planks":5,"minecraft:birch_boat":1,"minecraft:chest":1,"minecraft:leather_chestplate":2,"minecraft:wooden_pickaxe":31,"minecraft:cobblestone_slab":43,"minecraft:rotten_flesh":18,"minecraft:dirt":6,"minecraft:oak_slab":61,"minecraft:crafting_table":10,"minecraft:white_bed":2,"minecraft:apple":1,"minecraft:stone_axe":183,"minecraft:bow":10,"minecraft:cobblestone":77,"minecraft:oak_sapling":13,"minecraft:oak_boat":5,"minecraft:potato":2,"minecraft:bone_meal":75},"minecraft:crafted":{"minecraft:oak_planks":396,"minecraft:oak_slab":60,"minecraft:cobblestone_slab":30,"minecraft:crafting_table":5,"minecraft:baked_potato":24,"minecraft:wooden_pickaxe":1,"minecraft:bone_meal":117,"minecraft:birch_planks":4,"minecraft:stone_axe":4,"minecraft:air":0,"minecraft:oak_boat":4,"minecraft:stick":36,"minecraft:stone_pickaxe":1,"minecraft:chest":1,"minecraft:stone_sword":2},"minecraft:killed_by":{"minecraft:player":2,"minecraft:skeleton":1},"minecraft:custom":{"minecraft:interact_with_furnace":22,"minecraft:mob_kills":256,"minecraft:interact_with_crafting_table":27,"minecraft:leave_game":3,"minecraft:time_since_death":101189,"minecraft:sleep_in_bed":3,"minecraft:time_since_rest":10477,"minecraft:sprint_one_cm":237759,"minecraft:damage_taken":2254,"minecraft:walk_one_cm":338746,"minecraft:drop":104,"minecraft:damage_dealt":2994,"minecraft:swim_one_cm":287,"minecraft:fly_one_cm":281879,"minecraft:open_chest":57,"minecraft:crouch_one_cm":42158,"minecraft:play_time":142518,"minecraft:deaths":3,"minecraft:sneak_time":17253,"minecraft:walk_under_water_one_cm":10166,"minecraft:boat_one_cm":1696,"minecraft:jump":1136,"minecraft:walk_on_water_one_cm":18542,"minecraft:total_world_time":142518,"minecraft:fall_one_cm":9010},"minecraft:picked_up":{"minecraft:birch_log":11,"minecraft:crafting_table":9,"minecraft:leather_chestplate":3,"minecraft:wooden_pickaxe":2,"minecraft:potato":6,"minecraft:filled_map":1,"minecraft:oak_log":99,"minecraft:gunpowder":193,"minecraft:dirt":10,"minecraft:string":27,"minecraft:bone":112,"minecraft:blue_orchid":2,"minecraft:apple":4,"minecraft:bow":7,"minecraft:wheat_seeds":1,"minecraft:iron_ingot":2,"minecraft:stone_pickaxe":3,"minecraft:oak_boat":5,"minecraft:cobblestone_slab":44,"minecraft:poppy":1,"minecraft:birch_sapling":4,"minecraft:oak_planks":65,"minecraft:oak_slab":1,"minecraft:stick":54,"minecraft:birch_boat":3,"minecraft:oak_fence":1,"minecraft:dandelion":1,"minecraft:torch":4,"minecraft:white_bed":2,"minecraft:grass_block":1,"minecraft:spider_eye":6,"minecraft:pumpkin_seeds":2,"minecraft:stone_sword":5,"minecraft:arrow":140,"minecraft:sugar":2,"minecraft:rotten_flesh":146,"minecraft:stone_axe":3,"minecraft:bone_meal":1,"minecraft:baked_potato":2,"minecraft:oak_sapling":48,"minecraft:melon_seeds":2,"minecraft:snowball":16,"minecraft:cobblestone":270,"minecraft:oxeye_daisy":1}},"DataVersion":3465}