{"stats":{"minecraft:dropped":{"minecraft:filled_map":1,"minecraft:lava_bucket":1,"minecraft:ice":1,"minecraft:melon_seeds":2,"minecraft:pumpkin_seeds":2},"minecraft:mined":{"minecraft:grass":1,"minecraft:grass_block":1,"minecraft:tall_grass":1},"minecraft:used":{"minecraft:dirt":3},"minecraft:picked_up":{"minecraft:pumpkin_seeds":2,"minecraft:filled_map":1,"minecraft:melon_seeds":2,"minecraft:dirt":3},"minecraft:custom":{"minecraft:time_since_rest":1873,"minecraft:open_chest":2,"minecraft:crouch_one_cm":37,"minecraft:play_time":1873,"minecraft:sprint_one_cm":1600,"minecraft:walk_one_cm":5250,"minecraft:sneak_time":17,"minecraft:drop":5,"minecraft:jump":8,"minecraft:leave_game":2,"minecraft:time_since_death":1873,"minecraft:total_world_time":1873,"minecraft:fall_one_cm":209}},"DataVersion":3465}