{"stats":{"minecraft:dropped":{"minecraft:iron_ingot":1,"minecraft:stone_axe":2,"minecraft:wheat_seeds":1,"minecraft:baked_potato":1,"minecraft:stone_sword":3,"minecraft:crafting_table":1,"minecraft:birch_sapling":1,"minecraft:cobblestone":39,"minecraft:rotten_flesh":87,"minecraft:oak_planks":131,"minecraft:grass_block":1,"minecraft:pumpkin_seeds":2,"minecraft:filled_map":2,"minecraft:oxeye_daisy":1,"minecraft:lava_bucket":1,"minecraft:poppy":1,"minecraft:leather_chestplate":1,"minecraft:dirt":4,"minecraft:cobblestone_slab":24,"minecraft:gunpowder":101,"minecraft:ice":1,"minecraft:torch":3,"minecraft:melon_seeds":2,"minecraft:oak_boat":1,"minecraft:snowball":8,"minecraft:oak_sapling":35,"minecraft:bow":5,"minecraft:spider_eye":5,"minecraft:bone_meal":1,"minecraft:blue_orchid":2,"minecraft:arrow":32,"minecraft:wooden_pickaxe":1,"minecraft:sugar":2,"minecraft:string":18,"minecraft:birch_log":10,"minecraft:dandelion":1,"minecraft:bone":17},"minecraft:mined":{"minecraft:white_bed":2,"minecraft:dandelion":1,"minecraft:crafting_table":4,"minecraft:grass_block":1,"minecraft:cobblestone":174,"minecraft:tall_grass":2,"minecraft:oak_planks":1,"minecraft:oxeye_daisy":1,"minecraft:birch_log":1,"minecraft:fire":1,"minecraft:potatoes":2,"minecraft:grass":2,"minecraft:cobblestone_slab":6,"minecraft:oak_log":97,"minecraft:dirt":4,"minecraft:blue_orchid":1,"minecraft:oak_leaves":38,"minecraft:fern":1},"minecraft:broken":{"minecraft:stone_pickaxe":1,"minecraft:stone_axe":1},"minecraft:killed":{"minecraft:zombie_villager":2,"minecraft:spider":2,"minecraft:creeper":63,"minecraft:skeleton":80,"minecraft:zombie":69},"minecraft:used":{"minecraft:stone_sword":58,"minecraft:stone_pickaxe":153,"minecraft:baked_potato":24,"minecraft:oak_planks":1,"minecraft:chest":1,"minecraft:leather_chestplate":2,"minecraft:wooden_pickaxe":31,"minecraft:cobblestone_slab":39,"minecraft:rotten_flesh":7,"minecraft:dirt":6,"minecraft:oak_slab":30,"minecraft:crafting_table":8,"minecraft:white_bed":2,"minecraft:apple":1,"minecraft:stone_axe":168,"minecraft:bow":10,"minecraft:cobblestone":67,"minecraft:oak_sapling":13,"minecraft:oak_boat":5,"minecraft:potato":2,"minecraft:bone_meal":75},"minecraft:crafted":{"minecraft:oak_planks":396,"minecraft:oak_slab":30,"minecraft:cobblestone_slab":30,"minecraft:crafting_table":5,"minecraft:baked_potato":24,"minecraft:wooden_pickaxe":1,"minecraft:bone_meal":117,"minecraft:birch_planks":4,"minecraft:stone_axe":4,"minecraft:air":0,"minecraft:oak_boat":4,"minecraft:stick":36,"minecraft:stone_pickaxe":1,"minecraft:chest":1,"minecraft:stone_sword":2},"minecraft:killed_by":{"minecraft:player":2,"minecraft:skeleton":1},"minecraft:custom":{"minecraft:interact_with_furnace":21,"minecraft:mob_kills":219,"minecraft:interact_with_crafting_table":24,"minecraft:leave_game":3,"minecraft:time_since_death":65189,"minecraft:sleep_in_bed":1,"minecraft:time_since_rest":15491,"minecraft:sprint_one_cm":208574,"minecraft:damage_taken":2134,"minecraft:walk_one_cm":270298,"minecraft:drop":99,"minecraft:damage_dealt":2465,"minecraft:swim_one_cm":287,"minecraft:fly_one_cm":249449,"minecraft:open_chest":55,"minecraft:crouch_one_cm":29605,"minecraft:play_time":106518,"minecraft:deaths":3,"minecraft:sneak_time":13981,"minecraft:walk_under_water_one_cm":10166,"minecraft:boat_one_cm":759,"minecraft:jump":990,"minecraft:walk_on_water_one_cm":6010,"minecraft:total_world_time":106518,"minecraft:fall_one_cm":5492},"minecraft:picked_up":{"minecraft:birch_log":11,"minecraft:crafting_table":7,"minecraft:leather_chestplate":3,"minecraft:wooden_pickaxe":2,"minecraft:potato":6,"minecraft:filled_map":1,"minecraft:oak_log":99,"minecraft:gunpowder":176,"minecraft:dirt":10,"minecraft:string":27,"minecraft:bone":107,"minecraft:blue_orchid":2,"minecraft:apple":4,"minecraft:bow":7,"minecraft:wheat_seeds":1,"minecraft:iron_ingot":2,"minecraft:stone_pickaxe":3,"minecraft:oak_boat":5,"minecraft:cobblestone_slab":37,"minecraft:poppy":1,"minecraft:birch_sapling":4,"minecraft:oak_planks":62,"minecraft:stick":54,"minecraft:birch_boat":1,"minecraft:dandelion":1,"minecraft:torch":4,"minecraft:white_bed":2,"minecraft:grass_block":1,"minecraft:spider_eye":6,"minecraft:pumpkin_seeds":2,"minecraft:stone_sword":5,"minecraft:arrow":135,"minecraft:sugar":2,"minecraft:rotten_flesh":133,"minecraft:stone_axe":3,"minecraft:bone_meal":1,"minecraft:baked_potato":2,"minecraft:oak_sapling":48,"minecraft:melon_seeds":2,"minecraft:snowball":16,"minecraft:cobblestone":263,"minecraft:oxeye_daisy":1}},"DataVersion":3465}