{"stats":{"minecraft:dropped":{"minecraft:oxeye_daisy":1,"minecraft:filled_map":2,"minecraft:lava_bucket":1,"minecraft:wheat_seeds":1,"minecraft:ice":1,"minecraft:melon_seeds":2,"minecraft:pumpkin_seeds":2},"minecraft:mined":{"minecraft:grass":2,"minecraft:grass_block":1,"minecraft:oak_log":6,"minecraft:dirt":1,"minecraft:tall_grass":2,"minecraft:oxeye_daisy":1,"minecraft:oak_leaves":4,"minecraft:fern":1},"minecraft:used":{"minecraft:leather_chestplate":1,"minecraft:cobblestone_slab":1,"minecraft:dirt":3,"minecraft:crafting_table":1,"minecraft:oak_slab":30},"minecraft:crafted":{"minecraft:oak_slab":30,"minecraft:oak_planks":24,"minecraft:crafting_table":1,"minecraft:stick":8,"minecraft:bone_meal":6},"minecraft:picked_up":{"minecraft:stick":6,"minecraft:leather_chestplate":1,"minecraft:torch":1,"minecraft:filled_map":1,"minecraft:oak_log":6,"minecraft:dirt":4,"minecraft:stone_sword":1,"minecraft:pumpkin_seeds":2,"minecraft:bone":2,"minecraft:wheat_seeds":1,"minecraft:cobblestone_slab":1,"minecraft:oak_sapling":1,"minecraft:melon_seeds":2,"minecraft:oxeye_daisy":1},"minecraft:custom":{"minecraft:time_since_rest":10410,"minecraft:sprint_one_cm":31188,"minecraft:walk_one_cm":14650,"minecraft:drop":8,"minecraft:interact_with_crafting_table":3,"minecraft:fly_one_cm":46104,"minecraft:open_chest":5,"minecraft:crouch_one_cm":2890,"minecraft:play_time":10410,"minecraft:sneak_time":775,"minecraft:jump":160,"minecraft:leave_game":3,"minecraft:time_since_death":10410,"minecraft:walk_on_water_one_cm":122,"minecraft:total_world_time":10410,"minecraft:fall_one_cm":1939}},"DataVersion":3465}