{"stats":{"minecraft:dropped":{"minecraft:iron_ingot":1,"minecraft:stone_axe":2,"minecraft:wheat_seeds":1,"minecraft:stone_sword":3,"minecraft:crafting_table":1,"minecraft:birch_sapling":1,"minecraft:cobblestone":39,"minecraft:rotten_flesh":32,"minecraft:oak_planks":31,"minecraft:grass_block":1,"minecraft:pumpkin_seeds":2,"minecraft:filled_map":2,"minecraft:oxeye_daisy":1,"minecraft:lava_bucket":1,"minecraft:poppy":1,"minecraft:leather_chestplate":1,"minecraft:dirt":4,"minecraft:cobblestone_slab":22,"minecraft:gunpowder":100,"minecraft:ice":1,"minecraft:torch":3,"minecraft:melon_seeds":2,"minecraft:snowball":8,"minecraft:oak_sapling":21,"minecraft:spider_eye":1,"minecraft:bone_meal":1,"minecraft:blue_orchid":2,"minecraft:arrow":32,"minecraft:wooden_pickaxe":1,"minecraft:sugar":2,"minecraft:string":15,"minecraft:birch_log":9,"minecraft:dandelion":1,"minecraft:bone":17},"minecraft:mined":{"minecraft:dandelion":1,"minecraft:crafting_table":3,"minecraft:grass_block":1,"minecraft:cobblestone":145,"minecraft:tall_grass":2,"minecraft:oak_planks":1,"minecraft:oxeye_daisy":1,"minecraft:fire":1,"minecraft:grass":2,"minecraft:cobblestone_slab":1,"minecraft:oak_log":50,"minecraft:dirt":4,"minecraft:blue_orchid":1,"minecraft:oak_leaves":12,"minecraft:fern":1},"minecraft:killed":{"minecraft:zombie_villager":1,"minecraft:spider":1,"minecraft:creeper":28,"minecraft:skeleton":23,"minecraft:zombie":21},"minecraft:used":{"minecraft:stone_sword":29,"minecraft:stone_pickaxe":119,"minecraft:baked_potato":7,"minecraft:oak_planks":1,"minecraft:chest":1,"minecraft:leather_chestplate":2,"minecraft:wooden_pickaxe":31,"minecraft:cobblestone_slab":15,"minecraft:rotten_flesh":1,"minecraft:dirt":6,"minecraft:oak_slab":30,"minecraft:crafting_table":5,"minecraft:stone_axe":53,"minecraft:cobblestone":38,"minecraft:oak_sapling":8,"minecraft:oak_boat":3,"minecraft:bone_meal":39},"minecraft:crafted":{"minecraft:oak_planks":200,"minecraft:oak_slab":30,"minecraft:cobblestone_slab":12,"minecraft:crafting_table":4,"minecraft:baked_potato":8,"minecraft:wooden_pickaxe":1,"minecraft:bone_meal":81,"minecraft:stone_axe":2,"minecraft:air":0,"minecraft:stick":12,"minecraft:chest":1,"minecraft:stone_sword":2},"minecraft:killed_by":{"minecraft:player":2,"minecraft:skeleton":1},"minecraft:custom":{"minecraft:interact_with_furnace":8,"minecraft:mob_kills":77,"minecraft:interact_with_crafting_table":15,"minecraft:leave_game":3,"minecraft:time_since_death":5189,"minecraft:time_since_rest":5211,"minecraft:sprint_one_cm":121554,"minecraft:damage_taken":1094,"minecraft:walk_one_cm":119578,"minecraft:drop":56,"minecraft:damage_dealt":954,"minecraft:swim_one_cm":287,"minecraft:fly_one_cm":131510,"minecraft:open_chest":27,"minecraft:crouch_one_cm":13582,"minecraft:play_time":46518,"minecraft:deaths":3,"minecraft:sneak_time":8234,"minecraft:walk_under_water_one_cm":10166,"minecraft:boat_one_cm":266,"minecraft:jump":538,"minecraft:walk_on_water_one_cm":4664,"minecraft:total_world_time":46518,"minecraft:fall_one_cm":3193},"minecraft:picked_up":{"minecraft:birch_log":9,"minecraft:crafting_table":6,"minecraft:leather_chestplate":3,"minecraft:wooden_pickaxe":2,"minecraft:filled_map":1,"minecraft:oak_log":50,"minecraft:gunpowder":131,"minecraft:dirt":10,"minecraft:string":16,"minecraft:bone":54,"minecraft:blue_orchid":2,"minecraft:apple":3,"minecraft:wheat_seeds":1,"minecraft:iron_ingot":1,"minecraft:stone_pickaxe":3,"minecraft:oak_boat":4,"minecraft:cobblestone_slab":32,"minecraft:poppy":1,"minecraft:birch_sapling":1,"minecraft:oak_planks":62,"minecraft:stick":41,"minecraft:dandelion":1,"minecraft:torch":4,"minecraft:grass_block":1,"minecraft:spider_eye":1,"minecraft:pumpkin_seeds":2,"minecraft:stone_sword":5,"minecraft:arrow":72,"minecraft:sugar":2,"minecraft:rotten_flesh":71,"minecraft:stone_axe":3,"minecraft:bone_meal":1,"minecraft:baked_potato":1,"minecraft:oak_sapling":29,"minecraft:melon_seeds":2,"minecraft:snowball":16,"minecraft:cobblestone":236,"minecraft:oxeye_daisy":1}},"DataVersion":3465}