{"stats":{"minecraft:dropped":{"minecraft:oxeye_daisy":1,"minecraft:filled_map":2,"minecraft:lava_bucket":1,"minecraft:dirt":1,"minecraft:wheat_seeds":1,"minecraft:ice":1,"minecraft:melon_seeds":2,"minecraft:pumpkin_seeds":2},"minecraft:mined":{"minecraft:fire":1,"minecraft:crafting_table":1,"minecraft:grass":2,"minecraft:grass_block":1,"minecraft:oak_log":16,"minecraft:dirt":3,"minecraft:tall_grass":2,"minecraft:cobblestone":40,"minecraft:oak_planks":1,"minecraft:oxeye_daisy":1,"minecraft:oak_leaves":6,"minecraft:fern":1},"minecraft:killed":{"minecraft:skeleton":6,"minecraft:zombie":1,"minecraft:creeper":8},"minecraft:used":{"minecraft:stone_sword":2,"minecraft:stone_pickaxe":12,"minecraft:oak_planks":1,"minecraft:wooden_pickaxe":31,"minecraft:leather_chestplate":2,"minecraft:cobblestone_slab":1,"minecraft:dirt":6,"minecraft:cobblestone":1,"minecraft:oak_slab":30,"minecraft:crafting_table":2,"minecraft:oak_sapling":1,"minecraft:bone_meal":5},"minecraft:crafted":{"minecraft:oak_slab":30,"minecraft:oak_planks":64,"minecraft:crafting_table":2,"minecraft:stick":12,"minecraft:wooden_pickaxe":1,"minecraft:bone_meal":6},"minecraft:killed_by":{"minecraft:player":1},"minecraft:picked_up":{"minecraft:crafting_table":2,"minecraft:stick":22,"minecraft:leather_chestplate":2,"minecraft:wooden_pickaxe":1,"minecraft:torch":1,"minecraft:filled_map":1,"minecraft:oak_log":16,"minecraft:dirt":7,"minecraft:stone_sword":1,"minecraft:pumpkin_seeds":2,"minecraft:bone":2,"minecraft:wheat_seeds":1,"minecraft:stone_pickaxe":1,"minecraft:bone_meal":1,"minecraft:cobblestone_slab":1,"minecraft:oak_sapling":1,"minecraft:melon_seeds":2,"minecraft:oak_planks":31,"minecraft:cobblestone":52,"minecraft:oxeye_daisy":1},"minecraft:custom":{"minecraft:time_since_rest":2910,"minecraft:sprint_one_cm":57021,"minecraft:damage_taken":299,"minecraft:walk_one_cm":35234,"minecraft:mob_kills":15,"minecraft:drop":9,"minecraft:damage_dealt":30,"minecraft:swim_one_cm":287,"minecraft:interact_with_crafting_table":8,"minecraft:fly_one_cm":72354,"minecraft:open_chest":9,"minecraft:crouch_one_cm":5896,"minecraft:deaths":1,"minecraft:play_time":22518,"minecraft:sneak_time":3674,"minecraft:walk_under_water_one_cm":2944,"minecraft:jump":264,"minecraft:leave_game":3,"minecraft:walk_on_water_one_cm":2613,"minecraft:time_since_death":2879,"minecraft:total_world_time":22518,"minecraft:fall_one_cm":1939}},"DataVersion":3465}