{"stats":{"minecraft:dropped":{"minecraft:iron_ingot":1,"minecraft:stone_axe":2,"minecraft:wheat_seeds":1,"minecraft:stone_sword":2,"minecraft:crafting_table":1,"minecraft:birch_sapling":1,"minecraft:cobblestone":39,"minecraft:rotten_flesh":31,"minecraft:oak_planks":31,"minecraft:grass_block":1,"minecraft:pumpkin_seeds":2,"minecraft:filled_map":2,"minecraft:oxeye_daisy":1,"minecraft:lava_bucket":1,"minecraft:poppy":1,"minecraft:leather_chestplate":1,"minecraft:dirt":4,"minecraft:cobblestone_slab":22,"minecraft:gunpowder":100,"minecraft:ice":1,"minecraft:torch":3,"minecraft:melon_seeds":2,"minecraft:snowball":8,"minecraft:oak_sapling":18,"minecraft:spider_eye":1,"minecraft:bone_meal":1,"minecraft:blue_orchid":2,"minecraft:arrow":32,"minecraft:wooden_pickaxe":1,"minecraft:sugar":2,"minecraft:string":15,"minecraft:birch_log":9,"minecraft:dandelion":1,"minecraft:bone":17},"minecraft:mined":{"minecraft:dandelion":1,"minecraft:crafting_table":2,"minecraft:grass_block":1,"minecraft:cobblestone":122,"minecraft:tall_grass":2,"minecraft:oak_planks":1,"minecraft:oxeye_daisy":1,"minecraft:fire":1,"minecraft:grass":2,"minecraft:cobblestone_slab":1,"minecraft:oak_log":31,"minecraft:dirt":4,"minecraft:blue_orchid":1,"minecraft:oak_leaves":6,"minecraft:fern":1},"minecraft:killed":{"minecraft:spider":1,"minecraft:creeper":16,"minecraft:skeleton":14,"minecraft:zombie":13},"minecraft:used":{"minecraft:stone_sword":11,"minecraft:stone_pickaxe":96,"minecraft:baked_potato":4,"minecraft:oak_planks":1,"minecraft:chest":1,"minecraft:leather_chestplate":2,"minecraft:wooden_pickaxe":31,"minecraft:cobblestone_slab":6,"minecraft:dirt":6,"minecraft:oak_slab":30,"minecraft:crafting_table":4,"minecraft:stone_axe":16,"minecraft:cobblestone":27,"minecraft:oak_sapling":2,"minecraft:bone_meal":20},"minecraft:crafted":{"minecraft:oak_planks":124,"minecraft:oak_slab":30,"minecraft:crafting_table":3,"minecraft:baked_potato":8,"minecraft:wooden_pickaxe":1,"minecraft:bone_meal":39,"minecraft:stone_axe":2,"minecraft:air":0,"minecraft:stick":12,"minecraft:chest":1,"minecraft:stone_sword":2},"minecraft:killed_by":{"minecraft:player":2},"minecraft:custom":{"minecraft:interact_with_furnace":8,"minecraft:mob_kills":47,"minecraft:interact_with_crafting_table":12,"minecraft:leave_game":3,"minecraft:time_since_death":9576,"minecraft:time_since_rest":9604,"minecraft:sprint_one_cm":89807,"minecraft:damage_taken":734,"minecraft:walk_one_cm":66075,"minecraft:drop":53,"minecraft:damage_dealt":244,"minecraft:swim_one_cm":287,"minecraft:fly_one_cm":97320,"minecraft:open_chest":19,"minecraft:crouch_one_cm":8506,"minecraft:play_time":34518,"minecraft:deaths":2,"minecraft:sneak_time":6617,"minecraft:walk_under_water_one_cm":9979,"minecraft:jump":377,"minecraft:walk_on_water_one_cm":4390,"minecraft:total_world_time":34518,"minecraft:fall_one_cm":2775},"minecraft:picked_up":{"minecraft:birch_log":9,"minecraft:crafting_table":4,"minecraft:leather_chestplate":3,"minecraft:wooden_pickaxe":2,"minecraft:filled_map":1,"minecraft:oak_log":31,"minecraft:gunpowder":105,"minecraft:dirt":10,"minecraft:string":16,"minecraft:bone":30,"minecraft:blue_orchid":2,"minecraft:apple":3,"minecraft:wheat_seeds":1,"minecraft:iron_ingot":1,"minecraft:stone_pickaxe":2,"minecraft:cobblestone_slab":29,"minecraft:poppy":1,"minecraft:birch_sapling":1,"minecraft:oak_planks":62,"minecraft:stick":35,"minecraft:dandelion":1,"minecraft:torch":4,"minecraft:grass_block":1,"minecraft:spider_eye":1,"minecraft:pumpkin_seeds":2,"minecraft:stone_sword":3,"minecraft:arrow":36,"minecraft:sugar":2,"minecraft:rotten_flesh":31,"minecraft:stone_axe":2,"minecraft:bone_meal":1,"minecraft:oak_sapling":20,"minecraft:melon_seeds":2,"minecraft:snowball":16,"minecraft:cobblestone":168,"minecraft:oxeye_daisy":1}},"DataVersion":3465}