{"stats":{"minecraft:dropped":{"minecraft:iron_ingot":1,"minecraft:stone_axe":2,"minecraft:wheat_seeds":1,"minecraft:baked_potato":1,"minecraft:stone_sword":3,"minecraft:crafting_table":1,"minecraft:birch_sapling":1,"minecraft:cobblestone":39,"minecraft:rotten_flesh":79,"minecraft:oak_planks":131,"minecraft:grass_block":1,"minecraft:pumpkin_seeds":2,"minecraft:filled_map":2,"minecraft:oxeye_daisy":1,"minecraft:lava_bucket":1,"minecraft:poppy":1,"minecraft:leather_chestplate":1,"minecraft:dirt":4,"minecraft:cobblestone_slab":23,"minecraft:gunpowder":100,"minecraft:ice":1,"minecraft:torch":3,"minecraft:melon_seeds":2,"minecraft:oak_boat":1,"minecraft:snowball":8,"minecraft:oak_sapling":34,"minecraft:bow":5,"minecraft:spider_eye":4,"minecraft:bone_meal":1,"minecraft:blue_orchid":2,"minecraft:arrow":32,"minecraft:wooden_pickaxe":1,"minecraft:sugar":2,"minecraft:string":15,"minecraft:birch_log":10,"minecraft:dandelion":1,"minecraft:bone":17},"minecraft:mined":{"minecraft:dandelion":1,"minecraft:crafting_table":4,"minecraft:grass_block":1,"minecraft:cobblestone":174,"minecraft:tall_grass":2,"minecraft:oak_planks":1,"minecraft:oxeye_daisy":1,"minecraft:fire":1,"minecraft:potatoes":1,"minecraft:grass":2,"minecraft:cobblestone_slab":6,"minecraft:oak_log":93,"minecraft:dirt":4,"minecraft:blue_orchid":1,"minecraft:oak_leaves":37,"minecraft:fern":1},"minecraft:broken":{"minecraft:stone_pickaxe":1,"minecraft:stone_axe":1},"minecraft:killed":{"minecraft:zombie_villager":2,"minecraft:spider":2,"minecraft:creeper":57,"minecraft:skeleton":67,"minecraft:zombie":68},"minecraft:used":{"minecraft:stone_sword":56,"minecraft:stone_pickaxe":153,"minecraft:baked_potato":20,"minecraft:oak_planks":1,"minecraft:chest":1,"minecraft:leather_chestplate":2,"minecraft:wooden_pickaxe":31,"minecraft:cobblestone_slab":39,"minecraft:rotten_flesh":2,"minecraft:dirt":6,"minecraft:oak_slab":30,"minecraft:crafting_table":8,"minecraft:apple":1,"minecraft:stone_axe":155,"minecraft:bow":10,"minecraft:cobblestone":67,"minecraft:oak_sapling":12,"minecraft:oak_boat":5,"minecraft:potato":1,"minecraft:bone_meal":69},"minecraft:crafted":{"minecraft:oak_planks":356,"minecraft:oak_slab":30,"minecraft:cobblestone_slab":30,"minecraft:crafting_table":5,"minecraft:baked_potato":20,"minecraft:wooden_pickaxe":1,"minecraft:bone_meal":87,"minecraft:birch_planks":4,"minecraft:stone_axe":4,"minecraft:air":0,"minecraft:oak_boat":3,"minecraft:stick":36,"minecraft:stone_pickaxe":1,"minecraft:chest":1,"minecraft:stone_sword":2},"minecraft:killed_by":{"minecraft:player":2,"minecraft:skeleton":1},"minecraft:custom":{"minecraft:interact_with_furnace":16,"minecraft:mob_kills":199,"minecraft:interact_with_crafting_table":21,"minecraft:leave_game":3,"minecraft:time_since_death":41189,"minecraft:time_since_rest":41211,"minecraft:sprint_one_cm":178835,"minecraft:damage_taken":1804,"minecraft:walk_one_cm":230205,"minecraft:drop":84,"minecraft:damage_dealt":2132,"minecraft:swim_one_cm":287,"minecraft:fly_one_cm":209004,"minecraft:open_chest":49,"minecraft:crouch_one_cm":27234,"minecraft:play_time":82518,"minecraft:deaths":3,"minecraft:sneak_time":13190,"minecraft:walk_under_water_one_cm":10166,"minecraft:boat_one_cm":759,"minecraft:jump":838,"minecraft:walk_on_water_one_cm":6010,"minecraft:total_world_time":82518,"minecraft:fall_one_cm":4447},"minecraft:picked_up":{"minecraft:birch_log":11,"minecraft:crafting_table":7,"minecraft:leather_chestplate":3,"minecraft:wooden_pickaxe":2,"minecraft:potato":3,"minecraft:filled_map":1,"minecraft:oak_log":94,"minecraft:gunpowder":167,"minecraft:dirt":10,"minecraft:string":23,"minecraft:bone":97,"minecraft:blue_orchid":2,"minecraft:apple":4,"minecraft:bow":7,"minecraft:wheat_seeds":1,"minecraft:iron_ingot":2,"minecraft:stone_pickaxe":3,"minecraft:oak_boat":5,"minecraft:cobblestone_slab":36,"minecraft:poppy":1,"minecraft:birch_sapling":4,"minecraft:oak_planks":62,"minecraft:stick":54,"minecraft:birch_boat":1,"minecraft:dandelion":1,"minecraft:torch":4,"minecraft:grass_block":1,"minecraft:spider_eye":5,"minecraft:pumpkin_seeds":2,"minecraft:stone_sword":5,"minecraft:arrow":126,"minecraft:sugar":2,"minecraft:rotten_flesh":128,"minecraft:stone_axe":3,"minecraft:bone_meal":1,"minecraft:baked_potato":2,"minecraft:oak_sapling":46,"minecraft:melon_seeds":2,"minecraft:snowball":16,"minecraft:cobblestone":261,"minecraft:oxeye_daisy":1}},"DataVersion":3465}