{"stats":{"minecraft:used":{"minecraft:oak_fence":33,"minecraft:oak_trapdoor":65,"minecraft:beetroot":9,"minecraft:stone_sword":2224,"minecraft:stone_shovel":1501,"minecraft:ladder":73,"minecraft:poppy":1,"minecraft:chest":4,"minecraft:spruce_planks":17,"minecraft:stone_hoe":154,"minecraft:rotten_flesh":68,"minecraft:torch":61,"minecraft:spyglass":64,"minecraft:dirt":20,"minecraft:white_carpet":5,"minecraft:axolotl_bucket":2,"minecraft:snowball":91,"minecraft:oak_fence_gate":1,"minecraft:wooden_axe":44,"minecraft:lava_bucket":1,"minecraft:birch_sapling":2,"minecraft:warped_nylium":1,"minecraft:melon_seeds":1,"minecraft:golden_sword":4,"minecraft:bow":9,"minecraft:oak_sapling":69,"minecraft:furnace":1,"minecraft:beetroot_seeds":19,"minecraft:potato":18,"minecraft:zombified_piglin_spawn_egg":10,"minecraft:golden_boots":1,"minecraft:water_bucket":46,"minecraft:snow_block":138,"minecraft:baked_potato":21,"minecraft:oak_planks":301,"minecraft:stone_pickaxe":3766,"minecraft:ender_pearl":4,"minecraft:wooden_pickaxe":59,"minecraft:brown_mushroom":2,"minecraft:cobblestone_slab":798,"minecraft:gilded_blackstone":1,"minecraft:oak_slab":389,"minecraft:crafting_table":12,"minecraft:mushroom_stew":5,"minecraft:red_mushroom":1,"minecraft:crossbow":19,"minecraft:white_bed":1,"minecraft:oak_log":39,"minecraft:apple":6,"minecraft:oxeye_daisy":1,"minecraft:melon_slice":59,"minecraft:golden_leggings":1,"minecraft:stone_axe":970,"minecraft:cobblestone":1850,"minecraft:cooked_porkchop":3,"minecraft:piglin_spawn_egg":7,"minecraft:bucket":47,"minecraft:ice":1,"minecraft:oak_boat":7,"minecraft:dandelion":1,"minecraft:bone_meal":53,"minecraft:splash_potion":1},"minecraft:mined":{"minecraft:spruce_planks":5,"minecraft:oak_sapling":8,"minecraft:ladder":15,"minecraft:grass_block":4,"minecraft:brown_mushroom_block":45,"minecraft:moss_block":1,"minecraft:oxeye_daisy":2,"minecraft:gilded_blackstone":1,"minecraft:oak_trapdoor":14,"minecraft:fire":100,"minecraft:snow":1419,"minecraft:potatoes":15,"minecraft:cobblestone_slab":229,"minecraft:stripped_oak_log":1,"minecraft:birch_wall_sign":1,"minecraft:pink_tulip":1,"minecraft:blue_orchid":1,"minecraft:oak_slab":32,"minecraft:snow_block":72,"minecraft:dandelion":4,"minecraft:powder_snow":13,"minecraft:oak_fence":3,"minecraft:crafting_table":7,"minecraft:torch":8,"minecraft:poppy":3,"minecraft:melon":16,"minecraft:chest":2,"minecraft:mushroom_stem":12,"minecraft:tall_grass":14,"minecraft:cobblestone":3530,"minecraft:oak_planks":136,"minecraft:wall_torch":2,"minecraft:birch_sapling":1,"minecraft:spruce_stairs":1,"minecraft:warped_nylium":1,"minecraft:birch_log":7,"minecraft:ice":14,"minecraft:spruce_log":4,"minecraft:birch_leaves":5,"minecraft:grass":26,"minecraft:oak_log":516,"minecraft:beetroots":16,"minecraft:sand":1,"minecraft:dirt":31,"minecraft:birch_sign":1,"minecraft:red_mushroom_block":45,"minecraft:oak_leaves":324,"minecraft:fern":1},"minecraft:broken":{"minecraft:stone_sword":12,"minecraft:wooden_pickaxe":1,"minecraft:stone_pickaxe":25,"minecraft:golden_sword":1,"minecraft:stone_axe":6,"minecraft:wooden_axe":1,"minecraft:stone_shovel":9},"minecraft:killed_by":{"minecraft:ghast":1,"minecraft:player":3,"minecraft:zombified_piglin":5,"minecraft:spider":2,"minecraft:piglin":3,"minecraft:skeleton":1,"minecraft:phantom":1,"minecraft:zombie":1},"minecraft:killed":{"minecraft:zombified_piglin":458,"minecraft:spider":20,"minecraft:skeleton":19,"minecraft:piglin":59,"minecraft:hoglin":2,"minecraft:creeper":19,"minecraft:zombie":30,"minecraft:enderman":5},"minecraft:custom":{"minecraft:mob_kills":630,"minecraft:interact_with_crafting_table":258,"minecraft:open_barrel":3,"minecraft:leave_game":12,"minecraft:time_since_death":228539,"minecraft:climb_one_cm":118128,"minecraft:sprint_one_cm":395590,"minecraft:walk_one_cm":2080336,"minecraft:drop":100,"minecraft:talked_to_villager":1,"minecraft:play_time":1050596,"minecraft:sneak_time":201457,"minecraft:deaths":20,"minecraft:walk_under_water_one_cm":84412,"minecraft:boat_one_cm":523,"minecraft:jump":5101,"minecraft:walk_on_water_one_cm":33511,"minecraft:total_world_time":1050596,"minecraft:interact_with_furnace":90,"minecraft:sleep_in_bed":9,"minecraft:time_since_rest":6971,"minecraft:damage_taken":9401,"minecraft:damage_dealt":99358,"minecraft:swim_one_cm":326,"minecraft:fly_one_cm":749640,"minecraft:player_kills":1,"minecraft:open_chest":538,"minecraft:crouch_one_cm":631151,"minecraft:fall_one_cm":62774},"minecraft:crafted":{"minecraft:oak_planks":840,"minecraft:cobblestone_slab":792,"minecraft:stone_shovel":15,"minecraft:furnace":1,"minecraft:mushroom_stew":5,"minecraft:bone_meal":57,"minecraft:white_carpet":3,"minecraft:oak_trapdoor":60,"minecraft:ladder":57,"minecraft:melon_seeds":1,"minecraft:stone_pickaxe":38,"minecraft:chest":2,"minecraft:stone_hoe":3,"minecraft:oak_fence":15,"minecraft:golden_boots":1,"minecraft:oak_slab":372,"minecraft:cooked_porkchop":3,"minecraft:crafting_table":5,"minecraft:spruce_planks":12,"minecraft:wooden_pickaxe":1,"minecraft:baked_potato":29,"minecraft:bowl":4,"minecraft:stone_axe":11,"minecraft:air":0,"minecraft:oak_fence_gate":1,"minecraft:oak_boat":3,"minecraft:white_wool":3,"minecraft:charcoal":33,"minecraft:golden_apple":2,"minecraft:gold_nugget":28,"minecraft:stick":280,"minecraft:wooden_axe":2,"minecraft:stone_sword":25,"minecraft:snow_block":548,"minecraft:gold_ingot":18,"minecraft:white_bed":1,"minecraft:torch":80},"minecraft:picked_up":{"minecraft:charcoal":11,"minecraft:crafting_table":14,"minecraft:splash_potion":7,"minecraft:ladder":29,"minecraft:brown_mushroom":27,"minecraft:gilded_blackstone":1,"minecraft:nether_brick":13,"minecraft:golden_sword":38,"minecraft:string":43,"minecraft:oak_trapdoor":19,"minecraft:white_carpet":6,"minecraft:blackstone":14,"minecraft:blue_orchid":1,"minecraft:beetroot":16,"minecraft:gold_nugget":213,"minecraft:spruce_planks":5,"minecraft:oak_boat":7,"minecraft:cobblestone_slab":156,"minecraft:poppy":7,"minecraft:melon_slice":88,"minecraft:sugar_cane":1,"minecraft:chest":2,"minecraft:birch_sapling":7,"minecraft:stick":156,"minecraft:oak_fence":9,"minecraft:torch":60,"minecraft:spruce_stairs":1,"minecraft:snow_block":105,"minecraft:fire_charge":6,"minecraft:porkchop":3,"minecraft:stone_sword":22,"minecraft:arrow":32,"minecraft:stone_shovel":6,"minecraft:rotten_flesh":437,"minecraft:beetroot_seeds":62,"minecraft:pink_tulip":1,"minecraft:gold_ingot":41,"minecraft:snowball":2885,"minecraft:cobblestone":3443,"minecraft:oxeye_daisy":2,"minecraft:stripped_oak_log":1,"minecraft:birch_log":7,"minecraft:leather":19,"minecraft:golden_leggings":2,"minecraft:red_mushroom":15,"minecraft:potato":57,"minecraft:filled_map":2,"minecraft:oak_log":886,"minecraft:golden_boots":3,"minecraft:gunpowder":48,"minecraft:dirt":83,"minecraft:piglin_head":1,"minecraft:bone":49,"minecraft:apple":9,"minecraft:bow":8,"minecraft:wheat_seeds":20,"minecraft:iron_ingot":1,"minecraft:stone_pickaxe":13,"minecraft:moss_block":1,"minecraft:stone_hoe":7,"minecraft:oak_planks":235,"minecraft:soul_sand":27,"minecraft:oak_slab":75,"minecraft:cooked_porkchop":2,"minecraft:quartz":54,"minecraft:dandelion":12,"minecraft:sand":3,"minecraft:spruce_log":3,"minecraft:crying_obsidian":5,"minecraft:spectral_arrow":78,"minecraft:spider_eye":13,"minecraft:stone_axe":11,"minecraft:crossbow":14,"minecraft:bone_meal":56,"minecraft:birch_sign":2,"minecraft:oak_sapling":296,"minecraft:warped_nylium":1,"minecraft:netherrack":2,"minecraft:ender_pearl":15},"minecraft:dropped":{"minecraft:water_bucket":1,"minecraft:moss_block":1,"minecraft:wheat_seeds":1,"minecraft:cobblestone":16,"minecraft:rooted_dirt":1,"minecraft:stick":2,"minecraft:lava_bucket":1,"minecraft:dirt":49,"minecraft:wooden_axe":1,"minecraft:melon_slice":2,"minecraft:snowball":439,"minecraft:bucket":1,"minecraft:white_wool":62,"minecraft:gold_ingot":21,"minecraft:stone_sword":2,"minecraft:stone_shovel":4,"minecraft:oak_planks":2,"minecraft:filled_map":1,"minecraft:cobblestone_slab":13,"minecraft:golden_sword":1,"minecraft:birch_sign":1,"minecraft:spider_eye":1,"minecraft:stone_pickaxe":2}},"DataVersion":3465}