{"stats":{"minecraft:broken":{"minecraft:stone_sword":1,"minecraft:wooden_pickaxe":1,"minecraft:stone_pickaxe":17,"minecraft:stone_axe":2,"minecraft:wooden_axe":1,"minecraft:stone_shovel":7},"minecraft:picked_up":{"minecraft:charcoal":8,"minecraft:crafting_table":1,"minecraft:brown_mushroom":27,"minecraft:oak_trapdoor":2,"minecraft:string":8,"minecraft:blue_orchid":1,"minecraft:beetroot":13,"minecraft:oak_boat":3,"minecraft:cobblestone_slab":86,"minecraft:poppy":1,"minecraft:sugar_cane":1,"minecraft:melon_slice":64,"minecraft:chest":2,"minecraft:birch_sapling":2,"minecraft:stick":137,"minecraft:oak_fence":3,"minecraft:torch":17,"minecraft:snow_block":105,"minecraft:rotten_flesh":14,"minecraft:stone_sword":4,"minecraft:arrow":6,"minecraft:stone_shovel":6,"minecraft:beetroot_seeds":40,"minecraft:pink_tulip":1,"minecraft:snowball":2096,"minecraft:cobblestone":2163,"minecraft:oxeye_daisy":2,"minecraft:stripped_oak_log":1,"minecraft:birch_log":7,"minecraft:red_mushroom":15,"minecraft:potato":1,"minecraft:filled_map":2,"minecraft:oak_log":556,"minecraft:gunpowder":6,"minecraft:dirt":52,"minecraft:piglin_head":1,"minecraft:bone":8,"minecraft:apple":8,"minecraft:stone_pickaxe":3,"minecraft:moss_block":1,"minecraft:oak_planks":60,"minecraft:oak_slab":48,"minecraft:dandelion":2,"minecraft:sand":3,"minecraft:spider_eye":3,"minecraft:stone_axe":3,"minecraft:birch_sign":2,"minecraft:oak_sapling":123,"minecraft:warped_nylium":1,"minecraft:netherrack":2,"minecraft:ender_pearl":1},"minecraft:used":{"minecraft:oak_trapdoor":3,"minecraft:oak_fence":17,"minecraft:beetroot":8,"minecraft:stone_sword":263,"minecraft:stone_shovel":1004,"minecraft:poppy":1,"minecraft:chest":4,"minecraft:stone_hoe":122,"minecraft:rotten_flesh":16,"minecraft:torch":18,"minecraft:spyglass":64,"minecraft:dirt":17,"minecraft:snowball":73,"minecraft:oak_fence_gate":1,"minecraft:wooden_axe":44,"minecraft:lava_bucket":1,"minecraft:birch_sapling":2,"minecraft:warped_nylium":1,"minecraft:melon_seeds":1,"minecraft:oak_sapling":55,"minecraft:beetroot_seeds":19,"minecraft:water_bucket":20,"minecraft:snow_block":72,"minecraft:stone_pickaxe":2371,"minecraft:oak_planks":39,"minecraft:wooden_pickaxe":59,"minecraft:brown_mushroom":2,"minecraft:cobblestone_slab":368,"minecraft:oak_slab":351,"minecraft:crafting_table":3,"minecraft:mushroom_stew":5,"minecraft:red_mushroom":1,"minecraft:oak_log":39,"minecraft:apple":5,"minecraft:oxeye_daisy":1,"minecraft:melon_slice":46,"minecraft:stone_axe":508,"minecraft:cobblestone":523,"minecraft:bucket":20,"minecraft:oak_boat":2,"minecraft:dandelion":1,"minecraft:bone_meal":5},"minecraft:killed_by":{"minecraft:player":3,"minecraft:spider":1,"minecraft:phantom":1},"minecraft:killed":{"minecraft:spider":13,"minecraft:skeleton":4,"minecraft:creeper":6,"minecraft:zombie":6,"minecraft:enderman":3},"minecraft:dropped":{"minecraft:moss_block":1,"minecraft:cobblestone":15,"minecraft:stick":2,"minecraft:lava_bucket":1,"minecraft:wooden_axe":1,"minecraft:melon_slice":2,"minecraft:snowball":436,"minecraft:bucket":1,"minecraft:stone_sword":1,"minecraft:stone_shovel":4,"minecraft:oak_planks":2,"minecraft:filled_map":1,"minecraft:cobblestone_slab":13,"minecraft:spider_eye":1,"minecraft:birch_sign":1,"minecraft:stone_pickaxe":2},"minecraft:custom":{"minecraft:mob_kills":36,"minecraft:interact_with_crafting_table":135,"minecraft:leave_game":6,"minecraft:time_since_death":41747,"minecraft:sprint_one_cm":138139,"minecraft:walk_one_cm":1077150,"minecraft:drop":70,"minecraft:talked_to_villager":1,"minecraft:play_time":538235,"minecraft:deaths":7,"minecraft:sneak_time":115383,"minecraft:walk_under_water_one_cm":72208,"minecraft:boat_one_cm":198,"minecraft:jump":2471,"minecraft:walk_on_water_one_cm":14708,"minecraft:total_world_time":538235,"minecraft:interact_with_furnace":13,"minecraft:time_since_rest":41769,"minecraft:damage_taken":3612,"minecraft:damage_dealt":8478,"minecraft:swim_one_cm":326,"minecraft:fly_one_cm":201237,"minecraft:player_kills":1,"minecraft:open_chest":320,"minecraft:crouch_one_cm":308374,"minecraft:fall_one_cm":21028},"minecraft:mined":{"minecraft:oak_sapling":7,"minecraft:grass_block":4,"minecraft:brown_mushroom_block":45,"minecraft:moss_block":1,"minecraft:oxeye_daisy":2,"minecraft:oak_trapdoor":1,"minecraft:fire":55,"minecraft:snow":989,"minecraft:cobblestone_slab":50,"minecraft:stripped_oak_log":1,"minecraft:birch_wall_sign":1,"minecraft:pink_tulip":1,"minecraft:blue_orchid":1,"minecraft:oak_slab":5,"minecraft:snow_block":10,"minecraft:dandelion":2,"minecraft:oak_fence":3,"minecraft:crafting_table":1,"minecraft:torch":2,"minecraft:poppy":1,"minecraft:melon":11,"minecraft:chest":2,"minecraft:mushroom_stem":12,"minecraft:cobblestone":2331,"minecraft:oak_planks":14,"minecraft:warped_nylium":1,"minecraft:birch_log":7,"minecraft:ice":2,"minecraft:birch_leaves":5,"minecraft:grass":2,"minecraft:oak_log":456,"minecraft:beetroots":15,"minecraft:sand":1,"minecraft:dirt":30,"minecraft:birch_sign":1,"minecraft:red_mushroom_block":45,"minecraft:oak_leaves":306,"minecraft:fern":1},"minecraft:crafted":{"minecraft:oak_planks":316,"minecraft:cobblestone_slab":342,"minecraft:stone_shovel":9,"minecraft:mushroom_stew":5,"minecraft:bone_meal":6,"minecraft:oak_trapdoor":2,"minecraft:melon_seeds":1,"minecraft:stone_pickaxe":24,"minecraft:chest":2,"minecraft:stone_hoe":2,"minecraft:oak_fence":15,"minecraft:oak_slab":354,"minecraft:crafting_table":2,"minecraft:wooden_pickaxe":1,"minecraft:bowl":4,"minecraft:stone_axe":6,"minecraft:air":0,"minecraft:oak_fence_gate":1,"minecraft:oak_boat":1,"minecraft:white_wool":2,"minecraft:charcoal":11,"minecraft:stick":56,"minecraft:wooden_axe":2,"minecraft:stone_sword":5,"minecraft:snow_block":395,"minecraft:torch":28}},"DataVersion":3465}