{"stats":{"minecraft:killed":{"minecraft:spider":1,"minecraft:creeper":2,"minecraft:skeleton":1,"minecraft:zombie":2},"minecraft:killed_by":{"minecraft:player":3},"minecraft:broken":{"minecraft:stone_pickaxe":3,"minecraft:stone_axe":1,"minecraft:wooden_axe":1,"minecraft:stone_shovel":2,"minecraft:wooden_pickaxe":1},"minecraft:used":{"minecraft:oak_fence":16,"minecraft:oak_trapdoor":3,"minecraft:water_bucket":1,"minecraft:stone_sword":88,"minecraft:snow_block":56,"minecraft:stone_shovel":309,"minecraft:stone_pickaxe":545,"minecraft:poppy":1,"minecraft:wooden_pickaxe":59,"minecraft:cobblestone_slab":325,"minecraft:stone_hoe":6,"minecraft:rotten_flesh":7,"minecraft:torch":7,"minecraft:dirt":14,"minecraft:spyglass":64,"minecraft:oak_slab":45,"minecraft:crafting_table":3,"minecraft:snowball":54,"minecraft:oak_fence_gate":1,"minecraft:oak_log":32,"minecraft:wooden_axe":44,"minecraft:lava_bucket":1,"minecraft:oxeye_daisy":1,"minecraft:melon_slice":8,"minecraft:melon_seeds":1,"minecraft:stone_axe":220,"minecraft:cobblestone":51,"minecraft:oak_sapling":24,"minecraft:beetroot_seeds":5,"minecraft:bucket":1,"minecraft:bone_meal":3},"minecraft:mined":{"minecraft:oak_slab":2,"minecraft:oak_sapling":6,"minecraft:snow_block":3,"minecraft:dandelion":1,"minecraft:oak_fence":2,"minecraft:crafting_table":1,"minecraft:grass_block":4,"minecraft:poppy":1,"minecraft:melon":3,"minecraft:cobblestone":554,"minecraft:oak_planks":1,"minecraft:moss_block":1,"minecraft:oxeye_daisy":2,"minecraft:oak_trapdoor":1,"minecraft:snow":302,"minecraft:fire":35,"minecraft:ice":2,"minecraft:grass":2,"minecraft:beetroots":1,"minecraft:oak_log":230,"minecraft:cobblestone_slab":34,"minecraft:sand":1,"minecraft:dirt":26,"minecraft:birch_wall_sign":1,"minecraft:pink_tulip":1,"minecraft:blue_orchid":1,"minecraft:oak_leaves":98,"minecraft:fern":1},"minecraft:custom":{"minecraft:interact_with_furnace":4,"minecraft:mob_kills":7,"minecraft:interact_with_crafting_table":73,"minecraft:leave_game":2,"minecraft:time_since_death":44321,"minecraft:time_since_rest":44350,"minecraft:sprint_one_cm":44436,"minecraft:damage_taken":1257,"minecraft:walk_one_cm":437369,"minecraft:drop":48,"minecraft:damage_dealt":2314,"minecraft:talked_to_villager":1,"minecraft:fly_one_cm":64901,"minecraft:open_chest":73,"minecraft:crouch_one_cm":131832,"minecraft:play_time":206409,"minecraft:deaths":3,"minecraft:sneak_time":45489,"minecraft:walk_under_water_one_cm":30002,"minecraft:boat_one_cm":55,"minecraft:jump":862,"minecraft:walk_on_water_one_cm":8102,"minecraft:total_world_time":206409,"minecraft:fall_one_cm":4209},"minecraft:dropped":{"minecraft:moss_block":1,"minecraft:stone_sword":1,"minecraft:stone_shovel":4,"minecraft:cobblestone":15,"minecraft:oak_planks":2,"minecraft:stick":2,"minecraft:filled_map":1,"minecraft:lava_bucket":1,"minecraft:cobblestone_slab":13,"minecraft:wooden_axe":1,"minecraft:snowball":322,"minecraft:stone_pickaxe":1},"minecraft:crafted":{"minecraft:oak_slab":72,"minecraft:oak_planks":120,"minecraft:cobblestone_slab":336,"minecraft:stone_shovel":4,"minecraft:crafting_table":2,"minecraft:wooden_pickaxe":1,"minecraft:bone_meal":3,"minecraft:stone_axe":2,"minecraft:air":0,"minecraft:oak_trapdoor":2,"minecraft:oak_fence_gate":1,"minecraft:charcoal":11,"minecraft:melon_seeds":1,"minecraft:stick":48,"minecraft:stone_pickaxe":8,"minecraft:wooden_axe":2,"minecraft:stone_sword":2,"minecraft:snow_block":70,"minecraft:torch":24,"minecraft:stone_hoe":2,"minecraft:oak_fence":15},"minecraft:picked_up":{"minecraft:crafting_table":1,"minecraft:filled_map":1,"minecraft:oak_log":333,"minecraft:oak_trapdoor":2,"minecraft:dirt":49,"minecraft:bone":1,"minecraft:beetroot":1,"minecraft:apple":2,"minecraft:blue_orchid":1,"minecraft:stone_pickaxe":2,"minecraft:cobblestone_slab":36,"minecraft:poppy":1,"minecraft:melon_slice":19,"minecraft:moss_block":1,"minecraft:oak_planks":6,"minecraft:oak_slab":2,"minecraft:stick":35,"minecraft:oak_fence":2,"minecraft:dandelion":1,"minecraft:snow_block":41,"minecraft:sand":3,"minecraft:spider_eye":1,"minecraft:stone_sword":2,"minecraft:stone_shovel":4,"minecraft:arrow":1,"minecraft:rotten_flesh":3,"minecraft:stone_axe":1,"minecraft:beetroot_seeds":4,"minecraft:birch_sign":1,"minecraft:pink_tulip":1,"minecraft:oak_sapling":43,"minecraft:snowball":668,"minecraft:cobblestone":541,"minecraft:oxeye_daisy":2}},"DataVersion":3465}