{"stats":{"minecraft:killed":{"minecraft:creeper":2,"minecraft:skeleton":1,"minecraft:zombie":1},"minecraft:killed_by":{"minecraft:player":1},"minecraft:broken":{"minecraft:stone_pickaxe":1,"minecraft:wooden_axe":1,"minecraft:wooden_pickaxe":1},"minecraft:used":{"minecraft:oak_trapdoor":2,"minecraft:water_bucket":1,"minecraft:stone_sword":12,"minecraft:stone_pickaxe":217,"minecraft:poppy":1,"minecraft:wooden_pickaxe":59,"minecraft:cobblestone_slab":292,"minecraft:stone_hoe":3,"minecraft:rotten_flesh":2,"minecraft:dirt":13,"minecraft:spyglass":64,"minecraft:crafting_table":2,"minecraft:oak_log":1,"minecraft:wooden_axe":44,"minecraft:lava_bucket":1,"minecraft:oxeye_daisy":1,"minecraft:melon_seeds":1,"minecraft:cobblestone":36,"minecraft:oak_sapling":12,"minecraft:beetroot_seeds":2,"minecraft:bucket":1,"minecraft:bone_meal":3},"minecraft:mined":{"minecraft:oak_sapling":4,"minecraft:dandelion":1,"minecraft:crafting_table":1,"minecraft:grass_block":4,"minecraft:poppy":1,"minecraft:cobblestone":251,"minecraft:oak_planks":1,"minecraft:moss_block":1,"minecraft:oxeye_daisy":2,"minecraft:oak_trapdoor":1,"minecraft:ice":2,"minecraft:grass":2,"minecraft:oak_log":49,"minecraft:cobblestone_slab":18,"minecraft:sand":1,"minecraft:dirt":26,"minecraft:birch_wall_sign":1,"minecraft:pink_tulip":1,"minecraft:blue_orchid":1,"minecraft:oak_leaves":16,"minecraft:fern":1},"minecraft:custom":{"minecraft:interact_with_furnace":1,"minecraft:mob_kills":4,"minecraft:interact_with_crafting_table":43,"minecraft:leave_game":2,"minecraft:time_since_death":5107,"minecraft:time_since_rest":5192,"minecraft:sprint_one_cm":20923,"minecraft:damage_taken":538,"minecraft:walk_one_cm":213322,"minecraft:drop":24,"minecraft:damage_dealt":1215,"minecraft:talked_to_villager":1,"minecraft:fly_one_cm":36024,"minecraft:open_chest":37,"minecraft:crouch_one_cm":76680,"minecraft:play_time":134409,"minecraft:deaths":1,"minecraft:sneak_time":27029,"minecraft:walk_under_water_one_cm":21727,"minecraft:boat_one_cm":55,"minecraft:jump":489,"minecraft:walk_on_water_one_cm":6324,"minecraft:total_world_time":134409,"minecraft:fall_one_cm":1045},"minecraft:dropped":{"minecraft:moss_block":1,"minecraft:stone_sword":1,"minecraft:stone_shovel":3,"minecraft:cobblestone":15,"minecraft:stick":2,"minecraft:lava_bucket":1,"minecraft:cobblestone_slab":13,"minecraft:wooden_axe":1,"minecraft:stone_pickaxe":1},"minecraft:crafted":{"minecraft:oak_planks":28,"minecraft:cobblestone_slab":288,"minecraft:stone_shovel":1,"minecraft:crafting_table":1,"minecraft:wooden_pickaxe":1,"minecraft:bone_meal":3,"minecraft:oak_trapdoor":2,"minecraft:melon_seeds":1,"minecraft:stick":12,"minecraft:stone_pickaxe":3,"minecraft:wooden_axe":2,"minecraft:stone_sword":1,"minecraft:stone_hoe":1},"minecraft:picked_up":{"minecraft:crafting_table":1,"minecraft:oak_log":81,"minecraft:oak_trapdoor":2,"minecraft:dirt":35,"minecraft:bone":1,"minecraft:blue_orchid":1,"minecraft:stone_pickaxe":1,"minecraft:cobblestone_slab":17,"minecraft:poppy":1,"minecraft:moss_block":1,"minecraft:oak_planks":5,"minecraft:stick":14,"minecraft:dandelion":1,"minecraft:sand":2,"minecraft:stone_shovel":2,"minecraft:arrow":1,"minecraft:rotten_flesh":2,"minecraft:beetroot_seeds":1,"minecraft:birch_sign":1,"minecraft:pink_tulip":1,"minecraft:oak_sapling":23,"minecraft:snowball":3,"minecraft:cobblestone":226,"minecraft:oxeye_daisy":2}},"DataVersion":3465}