{"stats":{"minecraft:killed":{"minecraft:spider":1,"minecraft:creeper":2,"minecraft:skeleton":1,"minecraft:zombie":2},"minecraft:killed_by":{"minecraft:player":3},"minecraft:broken":{"minecraft:stone_pickaxe":2,"minecraft:stone_axe":1,"minecraft:wooden_axe":1,"minecraft:stone_shovel":2,"minecraft:wooden_pickaxe":1},"minecraft:used":{"minecraft:oak_fence":13,"minecraft:oak_trapdoor":3,"minecraft:water_bucket":1,"minecraft:stone_sword":86,"minecraft:snow_block":29,"minecraft:stone_shovel":309,"minecraft:stone_pickaxe":412,"minecraft:poppy":1,"minecraft:wooden_pickaxe":59,"minecraft:cobblestone_slab":325,"minecraft:stone_hoe":3,"minecraft:rotten_flesh":3,"minecraft:dirt":14,"minecraft:spyglass":64,"minecraft:crafting_table":3,"minecraft:snowball":54,"minecraft:oak_fence_gate":1,"minecraft:oak_log":24,"minecraft:wooden_axe":44,"minecraft:lava_bucket":1,"minecraft:oxeye_daisy":1,"minecraft:melon_slice":6,"minecraft:melon_seeds":1,"minecraft:stone_axe":153,"minecraft:cobblestone":37,"minecraft:oak_sapling":16,"minecraft:beetroot_seeds":2,"minecraft:bucket":1,"minecraft:bone_meal":3},"minecraft:mined":{"minecraft:oak_sapling":5,"minecraft:snow_block":3,"minecraft:dandelion":1,"minecraft:oak_fence":2,"minecraft:crafting_table":1,"minecraft:grass_block":4,"minecraft:poppy":1,"minecraft:melon":1,"minecraft:cobblestone":423,"minecraft:oak_planks":1,"minecraft:moss_block":1,"minecraft:oxeye_daisy":2,"minecraft:oak_trapdoor":1,"minecraft:snow":302,"minecraft:fire":35,"minecraft:ice":2,"minecraft:grass":2,"minecraft:oak_log":175,"minecraft:cobblestone_slab":34,"minecraft:sand":1,"minecraft:dirt":26,"minecraft:birch_wall_sign":1,"minecraft:pink_tulip":1,"minecraft:blue_orchid":1,"minecraft:oak_leaves":68,"minecraft:fern":1},"minecraft:custom":{"minecraft:interact_with_furnace":1,"minecraft:mob_kills":7,"minecraft:interact_with_crafting_table":67,"minecraft:leave_game":2,"minecraft:time_since_death":20321,"minecraft:time_since_rest":20350,"minecraft:sprint_one_cm":38841,"minecraft:damage_taken":1187,"minecraft:walk_one_cm":377418,"minecraft:drop":46,"minecraft:damage_dealt":2235,"minecraft:talked_to_villager":1,"minecraft:fly_one_cm":59579,"minecraft:open_chest":52,"minecraft:crouch_one_cm":112845,"minecraft:play_time":182409,"minecraft:deaths":3,"minecraft:sneak_time":38731,"minecraft:walk_under_water_one_cm":30002,"minecraft:boat_one_cm":55,"minecraft:jump":767,"minecraft:walk_on_water_one_cm":7939,"minecraft:total_world_time":182409,"minecraft:fall_one_cm":3791},"minecraft:dropped":{"minecraft:moss_block":1,"minecraft:stone_sword":1,"minecraft:stone_shovel":3,"minecraft:cobblestone":15,"minecraft:oak_planks":2,"minecraft:stick":2,"minecraft:lava_bucket":1,"minecraft:cobblestone_slab":13,"minecraft:wooden_axe":1,"minecraft:snowball":322,"minecraft:stone_pickaxe":1},"minecraft:crafted":{"minecraft:oak_planks":72,"minecraft:cobblestone_slab":312,"minecraft:stone_shovel":4,"minecraft:crafting_table":2,"minecraft:wooden_pickaxe":1,"minecraft:bone_meal":3,"minecraft:stone_axe":2,"minecraft:oak_trapdoor":2,"minecraft:oak_fence_gate":1,"minecraft:melon_seeds":1,"minecraft:stick":48,"minecraft:stone_pickaxe":6,"minecraft:wooden_axe":2,"minecraft:stone_sword":2,"minecraft:snow_block":70,"minecraft:stone_hoe":1,"minecraft:oak_fence":15},"minecraft:picked_up":{"minecraft:crafting_table":1,"minecraft:oak_log":283,"minecraft:oak_trapdoor":2,"minecraft:dirt":49,"minecraft:bone":1,"minecraft:apple":1,"minecraft:blue_orchid":1,"minecraft:stone_pickaxe":2,"minecraft:cobblestone_slab":36,"minecraft:poppy":1,"minecraft:melon_slice":6,"minecraft:moss_block":1,"minecraft:oak_planks":5,"minecraft:stick":29,"minecraft:oak_fence":2,"minecraft:dandelion":1,"minecraft:snow_block":41,"minecraft:sand":3,"minecraft:spider_eye":1,"minecraft:stone_sword":2,"minecraft:stone_shovel":4,"minecraft:arrow":1,"minecraft:rotten_flesh":3,"minecraft:stone_axe":1,"minecraft:beetroot_seeds":1,"minecraft:birch_sign":1,"minecraft:pink_tulip":1,"minecraft:oak_sapling":36,"minecraft:snowball":668,"minecraft:cobblestone":440,"minecraft:oxeye_daisy":2}},"DataVersion":3465}