{"stats":{"minecraft:killed":{"minecraft:spider":1,"minecraft:creeper":2,"minecraft:skeleton":1,"minecraft:zombie":2,"minecraft:enderman":2},"minecraft:killed_by":{"minecraft:player":3,"minecraft:phantom":1},"minecraft:crafted":{"minecraft:oak_slab":72,"minecraft:oak_planks":132,"minecraft:cobblestone_slab":342,"minecraft:stone_shovel":8,"minecraft:crafting_table":2,"minecraft:wooden_pickaxe":1,"minecraft:bone_meal":3,"minecraft:stone_axe":4,"minecraft:air":0,"minecraft:oak_trapdoor":2,"minecraft:oak_fence_gate":1,"minecraft:oak_boat":1,"minecraft:charcoal":11,"minecraft:melon_seeds":1,"minecraft:stick":48,"minecraft:stone_pickaxe":15,"minecraft:wooden_axe":2,"minecraft:stone_sword":2,"minecraft:snow_block":300,"minecraft:torch":24,"minecraft:stone_hoe":2,"minecraft:oak_fence":15},"minecraft:broken":{"minecraft:stone_pickaxe":9,"minecraft:stone_axe":2,"minecraft:wooden_axe":1,"minecraft:stone_shovel":5,"minecraft:wooden_pickaxe":1},"minecraft:custom":{"minecraft:interact_with_furnace":7,"minecraft:mob_kills":9,"minecraft:interact_with_crafting_table":103,"minecraft:leave_game":3,"minecraft:time_since_death":9575,"minecraft:time_since_rest":9959,"minecraft:damage_taken":1952,"minecraft:sprint_one_cm":71210,"minecraft:walk_one_cm":704435,"minecraft:drop":53,"minecraft:damage_dealt":3279,"minecraft:swim_one_cm":326,"minecraft:fly_one_cm":91526,"minecraft:talked_to_villager":1,"minecraft:player_kills":1,"minecraft:open_chest":160,"minecraft:play_time":331429,"minecraft:crouch_one_cm":179063,"minecraft:sneak_time":66907,"minecraft:deaths":4,"minecraft:walk_under_water_one_cm":40545,"minecraft:boat_one_cm":198,"minecraft:jump":1362,"minecraft:walk_on_water_one_cm":10021,"minecraft:total_world_time":331429,"minecraft:fall_one_cm":8984},"minecraft:used":{"minecraft:oak_trapdoor":3,"minecraft:oak_fence":16,"minecraft:beetroot":1,"minecraft:water_bucket":1,"minecraft:stone_sword":109,"minecraft:snow_block":69,"minecraft:stone_shovel":776,"minecraft:stone_pickaxe":1295,"minecraft:poppy":1,"minecraft:wooden_pickaxe":59,"minecraft:cobblestone_slab":355,"minecraft:stone_hoe":122,"minecraft:rotten_flesh":7,"minecraft:torch":9,"minecraft:spyglass":64,"minecraft:dirt":14,"minecraft:oak_slab":66,"minecraft:crafting_table":3,"minecraft:snowball":63,"minecraft:oak_fence_gate":1,"minecraft:oak_log":39,"minecraft:apple":5,"minecraft:wooden_axe":44,"minecraft:lava_bucket":1,"minecraft:oxeye_daisy":1,"minecraft:melon_slice":28,"minecraft:warped_nylium":1,"minecraft:melon_seeds":1,"minecraft:stone_axe":415,"minecraft:cobblestone":92,"minecraft:oak_sapling":46,"minecraft:beetroot_seeds":9,"minecraft:bucket":1,"minecraft:oak_boat":1,"minecraft:bone_meal":3},"minecraft:picked_up":{"minecraft:stripped_oak_log":1,"minecraft:charcoal":5,"minecraft:crafting_table":1,"minecraft:brown_mushroom":1,"minecraft:red_mushroom":1,"minecraft:filled_map":2,"minecraft:oak_log":500,"minecraft:dirt":49,"minecraft:oak_trapdoor":2,"minecraft:piglin_head":1,"minecraft:bone":1,"minecraft:beetroot":4,"minecraft:blue_orchid":1,"minecraft:apple":7,"minecraft:stone_pickaxe":3,"minecraft:oak_boat":2,"minecraft:cobblestone_slab":77,"minecraft:poppy":1,"minecraft:melon_slice":46,"minecraft:moss_block":1,"minecraft:sugar_cane":1,"minecraft:birch_sapling":1,"minecraft:oak_planks":6,"minecraft:oak_slab":2,"minecraft:stick":135,"minecraft:oak_fence":2,"minecraft:torch":15,"minecraft:dandelion":1,"minecraft:snow_block":105,"minecraft:sand":3,"minecraft:spider_eye":1,"minecraft:stone_sword":3,"minecraft:arrow":1,"minecraft:stone_shovel":6,"minecraft:rotten_flesh":3,"minecraft:stone_axe":3,"minecraft:beetroot_seeds":15,"minecraft:birch_sign":2,"minecraft:pink_tulip":1,"minecraft:oak_sapling":110,"minecraft:netherrack":2,"minecraft:warped_nylium":1,"minecraft:snowball":1566,"minecraft:cobblestone":1165,"minecraft:oxeye_daisy":2},"minecraft:dropped":{"minecraft:moss_block":1,"minecraft:stone_sword":1,"minecraft:stone_shovel":4,"minecraft:cobblestone":15,"minecraft:oak_planks":2,"minecraft:stick":2,"minecraft:filled_map":1,"minecraft:lava_bucket":1,"minecraft:cobblestone_slab":13,"minecraft:wooden_axe":1,"minecraft:melon_slice":2,"minecraft:snowball":322,"minecraft:birch_sign":1,"minecraft:stone_pickaxe":2,"minecraft:bucket":1},"minecraft:mined":{"minecraft:oak_slab":2,"minecraft:oak_sapling":7,"minecraft:snow_block":10,"minecraft:dandelion":1,"minecraft:oak_fence":2,"minecraft:crafting_table":1,"minecraft:grass_block":4,"minecraft:poppy":1,"minecraft:melon":8,"minecraft:cobblestone":1263,"minecraft:oak_planks":1,"minecraft:moss_block":1,"minecraft:oxeye_daisy":2,"minecraft:warped_nylium":1,"minecraft:oak_trapdoor":1,"minecraft:fire":55,"minecraft:snow":761,"minecraft:ice":2,"minecraft:grass":2,"minecraft:oak_log":400,"minecraft:cobblestone_slab":46,"minecraft:beetroots":5,"minecraft:sand":1,"minecraft:dirt":27,"minecraft:birch_wall_sign":1,"minecraft:stripped_oak_log":1,"minecraft:pink_tulip":1,"minecraft:birch_sign":1,"minecraft:blue_orchid":1,"minecraft:oak_leaves":296,"minecraft:fern":1}},"DataVersion":3465}