{"stats":{"minecraft:killed":{"minecraft:creeper":2,"minecraft:skeleton":1,"minecraft:zombie":2},"minecraft:killed_by":{"minecraft:player":2},"minecraft:broken":{"minecraft:stone_pickaxe":2,"minecraft:wooden_axe":1,"minecraft:stone_shovel":2,"minecraft:wooden_pickaxe":1},"minecraft:used":{"minecraft:oak_trapdoor":3,"minecraft:water_bucket":1,"minecraft:stone_sword":51,"minecraft:snow_block":29,"minecraft:stone_shovel":305,"minecraft:stone_pickaxe":288,"minecraft:poppy":1,"minecraft:wooden_pickaxe":59,"minecraft:cobblestone_slab":325,"minecraft:stone_hoe":3,"minecraft:rotten_flesh":2,"minecraft:dirt":13,"minecraft:spyglass":64,"minecraft:crafting_table":3,"minecraft:snowball":48,"minecraft:oak_log":10,"minecraft:wooden_axe":44,"minecraft:lava_bucket":1,"minecraft:oxeye_daisy":1,"minecraft:melon_slice":6,"minecraft:melon_seeds":1,"minecraft:stone_axe":64,"minecraft:cobblestone":36,"minecraft:oak_sapling":13,"minecraft:beetroot_seeds":2,"minecraft:bucket":1,"minecraft:bone_meal":3},"minecraft:mined":{"minecraft:oak_sapling":4,"minecraft:snow_block":3,"minecraft:dandelion":1,"minecraft:crafting_table":1,"minecraft:grass_block":4,"minecraft:poppy":1,"minecraft:melon":1,"minecraft:cobblestone":301,"minecraft:oak_planks":1,"minecraft:moss_block":1,"minecraft:oxeye_daisy":2,"minecraft:oak_trapdoor":1,"minecraft:snow":302,"minecraft:fire":8,"minecraft:ice":2,"minecraft:grass":2,"minecraft:oak_log":103,"minecraft:cobblestone_slab":32,"minecraft:sand":1,"minecraft:dirt":26,"minecraft:birch_wall_sign":1,"minecraft:pink_tulip":1,"minecraft:blue_orchid":1,"minecraft:oak_leaves":31,"minecraft:fern":1},"minecraft:custom":{"minecraft:interact_with_furnace":1,"minecraft:mob_kills":5,"minecraft:interact_with_crafting_table":54,"minecraft:leave_game":2,"minecraft:time_since_death":1779,"minecraft:time_since_rest":1809,"minecraft:sprint_one_cm":32532,"minecraft:damage_taken":733,"minecraft:walk_one_cm":311312,"minecraft:drop":46,"minecraft:damage_dealt":1483,"minecraft:talked_to_villager":1,"minecraft:fly_one_cm":45903,"minecraft:open_chest":41,"minecraft:crouch_one_cm":91960,"minecraft:play_time":158409,"minecraft:deaths":2,"minecraft:sneak_time":31886,"minecraft:walk_under_water_one_cm":22829,"minecraft:boat_one_cm":55,"minecraft:jump":613,"minecraft:walk_on_water_one_cm":6563,"minecraft:total_world_time":158409,"minecraft:fall_one_cm":2727},"minecraft:dropped":{"minecraft:moss_block":1,"minecraft:stone_sword":1,"minecraft:stone_shovel":3,"minecraft:cobblestone":15,"minecraft:oak_planks":2,"minecraft:stick":2,"minecraft:lava_bucket":1,"minecraft:cobblestone_slab":13,"minecraft:wooden_axe":1,"minecraft:snowball":322,"minecraft:stone_pickaxe":1},"minecraft:crafted":{"minecraft:oak_planks":40,"minecraft:cobblestone_slab":312,"minecraft:stone_shovel":4,"minecraft:crafting_table":2,"minecraft:wooden_pickaxe":1,"minecraft:bone_meal":3,"minecraft:stone_axe":1,"minecraft:oak_trapdoor":2,"minecraft:melon_seeds":1,"minecraft:stick":28,"minecraft:stone_pickaxe":6,"minecraft:wooden_axe":2,"minecraft:stone_sword":1,"minecraft:snow_block":70,"minecraft:stone_hoe":1},"minecraft:picked_up":{"minecraft:crafting_table":1,"minecraft:oak_log":198,"minecraft:oak_trapdoor":2,"minecraft:dirt":42,"minecraft:bone":1,"minecraft:apple":1,"minecraft:blue_orchid":1,"minecraft:stone_pickaxe":1,"minecraft:cobblestone_slab":36,"minecraft:poppy":1,"minecraft:melon_slice":6,"minecraft:moss_block":1,"minecraft:oak_planks":5,"minecraft:stick":14,"minecraft:dandelion":1,"minecraft:snow_block":41,"minecraft:sand":3,"minecraft:stone_sword":2,"minecraft:stone_shovel":3,"minecraft:arrow":1,"minecraft:rotten_flesh":2,"minecraft:beetroot_seeds":1,"minecraft:birch_sign":1,"minecraft:pink_tulip":1,"minecraft:oak_sapling":23,"minecraft:snowball":662,"minecraft:cobblestone":350,"minecraft:oxeye_daisy":2}},"DataVersion":3465}