{"stats":{"minecraft:broken":{"minecraft:stone_sword":2,"minecraft:wooden_pickaxe":1,"minecraft:stone_pickaxe":17,"minecraft:stone_axe":2,"minecraft:wooden_axe":1,"minecraft:stone_shovel":7},"minecraft:killed_by":{"minecraft:player":3,"minecraft:spider":2,"minecraft:piglin":1,"minecraft:phantom":1},"minecraft:killed":{"minecraft:zombified_piglin":23,"minecraft:spider":17,"minecraft:skeleton":8,"minecraft:hoglin":2,"minecraft:creeper":9,"minecraft:zombie":23,"minecraft:enderman":3},"minecraft:used":{"minecraft:oak_trapdoor":4,"minecraft:oak_fence":17,"minecraft:beetroot":8,"minecraft:stone_sword":516,"minecraft:stone_shovel":1004,"minecraft:ladder":22,"minecraft:poppy":1,"minecraft:chest":4,"minecraft:stone_hoe":123,"minecraft:rotten_flesh":31,"minecraft:torch":18,"minecraft:spyglass":64,"minecraft:dirt":17,"minecraft:snowball":91,"minecraft:oak_fence_gate":1,"minecraft:wooden_axe":44,"minecraft:lava_bucket":1,"minecraft:birch_sapling":2,"minecraft:warped_nylium":1,"minecraft:melon_seeds":1,"minecraft:furnace":1,"minecraft:oak_sapling":55,"minecraft:beetroot_seeds":19,"minecraft:potato":8,"minecraft:water_bucket":20,"minecraft:snow_block":72,"minecraft:baked_potato":8,"minecraft:stone_pickaxe":2477,"minecraft:oak_planks":108,"minecraft:wooden_pickaxe":59,"minecraft:brown_mushroom":2,"minecraft:cobblestone_slab":394,"minecraft:gilded_blackstone":1,"minecraft:oak_slab":362,"minecraft:crafting_table":4,"minecraft:mushroom_stew":5,"minecraft:red_mushroom":1,"minecraft:white_bed":1,"minecraft:oak_log":39,"minecraft:apple":5,"minecraft:oxeye_daisy":1,"minecraft:melon_slice":53,"minecraft:stone_axe":518,"minecraft:cobblestone":837,"minecraft:bucket":20,"minecraft:oak_boat":4,"minecraft:ice":1,"minecraft:dandelion":1,"minecraft:bone_meal":18},"minecraft:mined":{"minecraft:oak_sapling":8,"minecraft:ladder":10,"minecraft:grass_block":4,"minecraft:brown_mushroom_block":45,"minecraft:moss_block":1,"minecraft:oxeye_daisy":2,"minecraft:gilded_blackstone":1,"minecraft:oak_trapdoor":1,"minecraft:fire":55,"minecraft:snow":989,"minecraft:potatoes":5,"minecraft:cobblestone_slab":68,"minecraft:stripped_oak_log":1,"minecraft:birch_wall_sign":1,"minecraft:pink_tulip":1,"minecraft:blue_orchid":1,"minecraft:oak_slab":10,"minecraft:snow_block":10,"minecraft:dandelion":2,"minecraft:oak_fence":3,"minecraft:crafting_table":1,"minecraft:torch":2,"minecraft:poppy":1,"minecraft:melon":13,"minecraft:chest":2,"minecraft:mushroom_stem":12,"minecraft:cobblestone":2414,"minecraft:oak_planks":25,"minecraft:birch_sapling":1,"minecraft:warped_nylium":1,"minecraft:birch_log":7,"minecraft:ice":3,"minecraft:birch_leaves":5,"minecraft:grass":2,"minecraft:oak_log":456,"minecraft:beetroots":16,"minecraft:sand":1,"minecraft:dirt":30,"minecraft:birch_sign":1,"minecraft:red_mushroom_block":45,"minecraft:oak_leaves":306,"minecraft:fern":1},"minecraft:custom":{"minecraft:mob_kills":89,"minecraft:interact_with_crafting_table":156,"minecraft:leave_game":8,"minecraft:time_since_death":4354,"minecraft:climb_one_cm":26105,"minecraft:sprint_one_cm":203496,"minecraft:walk_one_cm":1317462,"minecraft:drop":74,"minecraft:talked_to_villager":1,"minecraft:play_time":625998,"minecraft:deaths":9,"minecraft:sneak_time":130390,"minecraft:walk_under_water_one_cm":72208,"minecraft:boat_one_cm":523,"minecraft:jump":3209,"minecraft:walk_on_water_one_cm":14708,"minecraft:total_world_time":625998,"minecraft:interact_with_furnace":23,"minecraft:sleep_in_bed":1,"minecraft:time_since_rest":4384,"minecraft:damage_taken":4842,"minecraft:damage_dealt":18575,"minecraft:swim_one_cm":326,"minecraft:fly_one_cm":300555,"minecraft:player_kills":1,"minecraft:open_chest":357,"minecraft:crouch_one_cm":352952,"minecraft:fall_one_cm":35076},"minecraft:dropped":{"minecraft:moss_block":1,"minecraft:cobblestone":15,"minecraft:stick":2,"minecraft:lava_bucket":1,"minecraft:wooden_axe":1,"minecraft:melon_slice":2,"minecraft:snowball":436,"minecraft:bucket":1,"minecraft:gold_ingot":4,"minecraft:stone_sword":1,"minecraft:stone_shovel":4,"minecraft:oak_planks":2,"minecraft:filled_map":1,"minecraft:cobblestone_slab":13,"minecraft:spider_eye":1,"minecraft:birch_sign":1,"minecraft:stone_pickaxe":2},"minecraft:crafted":{"minecraft:oak_planks":432,"minecraft:cobblestone_slab":354,"minecraft:stone_shovel":9,"minecraft:furnace":1,"minecraft:mushroom_stew":5,"minecraft:bone_meal":27,"minecraft:oak_trapdoor":4,"minecraft:ladder":15,"minecraft:melon_seeds":1,"minecraft:stone_pickaxe":24,"minecraft:chest":2,"minecraft:stone_hoe":3,"minecraft:oak_fence":15,"minecraft:oak_slab":360,"minecraft:crafting_table":3,"minecraft:baked_potato":14,"minecraft:wooden_pickaxe":1,"minecraft:bowl":4,"minecraft:stone_axe":6,"minecraft:air":0,"minecraft:oak_fence_gate":1,"minecraft:oak_boat":3,"minecraft:white_wool":3,"minecraft:gold_nugget":2,"minecraft:charcoal":11,"minecraft:stick":88,"minecraft:wooden_axe":2,"minecraft:stone_sword":8,"minecraft:snow_block":395,"minecraft:gold_ingot":1,"minecraft:white_bed":1,"minecraft:torch":28},"minecraft:picked_up":{"minecraft:charcoal":11,"minecraft:crafting_table":1,"minecraft:ladder":15,"minecraft:brown_mushroom":27,"minecraft:gilded_blackstone":1,"minecraft:nether_brick":7,"minecraft:golden_sword":2,"minecraft:oak_trapdoor":3,"minecraft:string":12,"minecraft:blue_orchid":1,"minecraft:beetroot":13,"minecraft:gold_nugget":10,"minecraft:oak_boat":3,"minecraft:cobblestone_slab":108,"minecraft:poppy":1,"minecraft:sugar_cane":1,"minecraft:melon_slice":71,"minecraft:chest":2,"minecraft:birch_sapling":5,"minecraft:stick":144,"minecraft:oak_fence":3,"minecraft:torch":17,"minecraft:porkchop":3,"minecraft:fire_charge":1,"minecraft:snow_block":105,"minecraft:rotten_flesh":45,"minecraft:stone_sword":6,"minecraft:arrow":12,"minecraft:stone_shovel":6,"minecraft:beetroot_seeds":47,"minecraft:pink_tulip":1,"minecraft:gold_ingot":5,"minecraft:snowball":2114,"minecraft:cobblestone":2295,"minecraft:oxeye_daisy":2,"minecraft:stripped_oak_log":1,"minecraft:birch_log":7,"minecraft:leather":3,"minecraft:red_mushroom":15,"minecraft:potato":22,"minecraft:filled_map":2,"minecraft:oak_log":619,"minecraft:gunpowder":26,"minecraft:dirt":52,"minecraft:piglin_head":1,"minecraft:bone":23,"minecraft:apple":8,"minecraft:bow":2,"minecraft:stone_pickaxe":5,"minecraft:moss_block":1,"minecraft:stone_hoe":2,"minecraft:oak_planks":71,"minecraft:oak_slab":53,"minecraft:dandelion":2,"minecraft:sand":3,"minecraft:spider_eye":7,"minecraft:stone_axe":5,"minecraft:bone_meal":8,"minecraft:birch_sign":2,"minecraft:oak_sapling":132,"minecraft:warped_nylium":1,"minecraft:netherrack":2,"minecraft:ender_pearl":1}},"DataVersion":3465}