{"stats":{"minecraft:broken":{"minecraft:wooden_pickaxe":1},"minecraft:used":{"minecraft:oak_log":1,"minecraft:water_bucket":1,"minecraft:wooden_axe":25,"minecraft:oxeye_daisy":1,"minecraft:lava_bucket":1,"minecraft:stone_pickaxe":106,"minecraft:poppy":1,"minecraft:wooden_pickaxe":59,"minecraft:melon_seeds":1,"minecraft:cobblestone_slab":213,"minecraft:stone_hoe":3,"minecraft:rotten_flesh":1,"minecraft:spyglass":64,"minecraft:dirt":13,"minecraft:cobblestone":6,"minecraft:crafting_table":2,"minecraft:oak_sapling":4,"minecraft:beetroot_seeds":2,"minecraft:bucket":1,"minecraft:bone_meal":2},"minecraft:mined":{"minecraft:oak_sapling":2,"minecraft:ice":2,"minecraft:dandelion":1,"minecraft:crafting_table":1,"minecraft:grass":2,"minecraft:grass_block":4,"minecraft:oak_log":12,"minecraft:poppy":1,"minecraft:cobblestone_slab":6,"minecraft:dirt":26,"minecraft:birch_wall_sign":1,"minecraft:pink_tulip":1,"minecraft:cobblestone":157,"minecraft:blue_orchid":1,"minecraft:oak_planks":1,"minecraft:oxeye_daisy":2,"minecraft:oak_leaves":7,"minecraft:fern":1},"minecraft:custom":{"minecraft:time_since_rest":98409,"minecraft:interact_with_furnace":1,"minecraft:sprint_one_cm":6123,"minecraft:damage_taken":283,"minecraft:walk_one_cm":119484,"minecraft:drop":17,"minecraft:damage_dealt":241,"minecraft:interact_with_crafting_table":31,"minecraft:talked_to_villager":1,"minecraft:fly_one_cm":19016,"minecraft:open_chest":28,"minecraft:crouch_one_cm":51900,"minecraft:play_time":98409,"minecraft:sneak_time":19428,"minecraft:walk_under_water_one_cm":18381,"minecraft:boat_one_cm":55,"minecraft:jump":340,"minecraft:leave_game":2,"minecraft:time_since_death":98409,"minecraft:walk_on_water_one_cm":5262,"minecraft:total_world_time":98409,"minecraft:fall_one_cm":1045},"minecraft:dropped":{"minecraft:lava_bucket":1,"minecraft:cobblestone_slab":13,"minecraft:wooden_axe":1,"minecraft:cobblestone":7,"minecraft:stone_pickaxe":1},"minecraft:crafted":{"minecraft:oak_planks":20,"minecraft:cobblestone_slab":240,"minecraft:crafting_table":1,"minecraft:melon_seeds":1,"minecraft:stick":12,"minecraft:wooden_pickaxe":1,"minecraft:stone_pickaxe":3,"minecraft:wooden_axe":2,"minecraft:bone_meal":3,"minecraft:stone_hoe":1},"minecraft:picked_up":{"minecraft:stick":2,"minecraft:crafting_table":1,"minecraft:dandelion":1,"minecraft:oak_log":12,"minecraft:dirt":28,"minecraft:rotten_flesh":2,"minecraft:arrow":1,"minecraft:bone":1,"minecraft:blue_orchid":1,"minecraft:beetroot_seeds":1,"minecraft:birch_sign":1,"minecraft:pink_tulip":1,"minecraft:cobblestone_slab":4,"minecraft:poppy":1,"minecraft:oak_sapling":4,"minecraft:oak_planks":1,"minecraft:cobblestone":156,"minecraft:oxeye_daisy":2}},"DataVersion":3465}