{"stats":{"minecraft:broken":{"minecraft:stone_sword":11,"minecraft:wooden_pickaxe":1,"minecraft:stone_pickaxe":18,"minecraft:golden_sword":1,"minecraft:stone_axe":4,"minecraft:wooden_axe":1,"minecraft:stone_shovel":7},"minecraft:killed":{"minecraft:zombified_piglin":445,"minecraft:spider":20,"minecraft:skeleton":9,"minecraft:piglin":54,"minecraft:hoglin":2,"minecraft:creeper":10,"minecraft:zombie":26,"minecraft:enderman":5},"minecraft:killed_by":{"minecraft:ghast":1,"minecraft:player":3,"minecraft:zombified_piglin":5,"minecraft:spider":2,"minecraft:piglin":3,"minecraft:phantom":1,"minecraft:zombie":1},"minecraft:used":{"minecraft:oak_fence":33,"minecraft:oak_trapdoor":4,"minecraft:beetroot":9,"minecraft:stone_sword":2040,"minecraft:stone_shovel":1004,"minecraft:ladder":25,"minecraft:poppy":1,"minecraft:chest":4,"minecraft:stone_hoe":154,"minecraft:rotten_flesh":52,"minecraft:torch":22,"minecraft:spyglass":64,"minecraft:dirt":19,"minecraft:white_carpet":5,"minecraft:snowball":91,"minecraft:oak_fence_gate":1,"minecraft:wooden_axe":44,"minecraft:lava_bucket":1,"minecraft:birch_sapling":2,"minecraft:warped_nylium":1,"minecraft:melon_seeds":1,"minecraft:golden_sword":4,"minecraft:bow":6,"minecraft:oak_sapling":58,"minecraft:furnace":1,"minecraft:beetroot_seeds":19,"minecraft:potato":8,"minecraft:zombified_piglin_spawn_egg":10,"minecraft:golden_boots":1,"minecraft:water_bucket":21,"minecraft:snow_block":72,"minecraft:baked_potato":8,"minecraft:oak_planks":175,"minecraft:stone_pickaxe":2610,"minecraft:ender_pearl":1,"minecraft:wooden_pickaxe":59,"minecraft:brown_mushroom":2,"minecraft:cobblestone_slab":425,"minecraft:gilded_blackstone":1,"minecraft:oak_slab":362,"minecraft:crafting_table":6,"minecraft:mushroom_stew":5,"minecraft:red_mushroom":1,"minecraft:crossbow":14,"minecraft:white_bed":1,"minecraft:oak_log":39,"minecraft:apple":5,"minecraft:oxeye_daisy":1,"minecraft:melon_slice":53,"minecraft:stone_axe":734,"minecraft:cobblestone":997,"minecraft:cooked_porkchop":3,"minecraft:piglin_spawn_egg":7,"minecraft:bucket":20,"minecraft:ice":1,"minecraft:oak_boat":7,"minecraft:dandelion":1,"minecraft:bone_meal":34,"minecraft:splash_potion":1},"minecraft:mined":{"minecraft:oak_sapling":8,"minecraft:ladder":11,"minecraft:grass_block":4,"minecraft:brown_mushroom_block":45,"minecraft:moss_block":1,"minecraft:oxeye_daisy":2,"minecraft:gilded_blackstone":1,"minecraft:oak_trapdoor":1,"minecraft:fire":100,"minecraft:snow":989,"minecraft:potatoes":5,"minecraft:cobblestone_slab":84,"minecraft:stripped_oak_log":1,"minecraft:birch_wall_sign":1,"minecraft:pink_tulip":1,"minecraft:blue_orchid":1,"minecraft:oak_slab":10,"minecraft:snow_block":10,"minecraft:dandelion":4,"minecraft:oak_fence":3,"minecraft:crafting_table":2,"minecraft:torch":2,"minecraft:poppy":3,"minecraft:melon":13,"minecraft:chest":2,"minecraft:mushroom_stem":12,"minecraft:tall_grass":13,"minecraft:cobblestone":2526,"minecraft:oak_planks":49,"minecraft:birch_sapling":1,"minecraft:warped_nylium":1,"minecraft:birch_log":7,"minecraft:ice":3,"minecraft:birch_leaves":5,"minecraft:grass":25,"minecraft:oak_log":456,"minecraft:beetroots":16,"minecraft:sand":1,"minecraft:dirt":30,"minecraft:birch_sign":1,"minecraft:red_mushroom_block":45,"minecraft:oak_leaves":306,"minecraft:fern":1},"minecraft:custom":{"minecraft:mob_kills":588,"minecraft:interact_with_crafting_table":226,"minecraft:leave_game":11,"minecraft:time_since_death":2038,"minecraft:climb_one_cm":59896,"minecraft:sprint_one_cm":256653,"minecraft:walk_one_cm":1698327,"minecraft:drop":97,"minecraft:talked_to_villager":1,"minecraft:play_time":820593,"minecraft:sneak_time":158115,"minecraft:deaths":19,"minecraft:walk_under_water_one_cm":72218,"minecraft:boat_one_cm":523,"minecraft:jump":3894,"minecraft:walk_on_water_one_cm":15178,"minecraft:total_world_time":820593,"minecraft:interact_with_furnace":81,"minecraft:sleep_in_bed":2,"minecraft:time_since_rest":2065,"minecraft:damage_taken":8376,"minecraft:damage_dealt":92467,"minecraft:swim_one_cm":326,"minecraft:fly_one_cm":347216,"minecraft:player_kills":1,"minecraft:open_chest":464,"minecraft:crouch_one_cm":489641,"minecraft:fall_one_cm":48339},"minecraft:dropped":{"minecraft:water_bucket":1,"minecraft:moss_block":1,"minecraft:wheat_seeds":1,"minecraft:cobblestone":16,"minecraft:rooted_dirt":1,"minecraft:stick":2,"minecraft:lava_bucket":1,"minecraft:dirt":49,"minecraft:wooden_axe":1,"minecraft:melon_slice":2,"minecraft:snowball":436,"minecraft:bucket":1,"minecraft:white_wool":62,"minecraft:gold_ingot":21,"minecraft:stone_sword":1,"minecraft:stone_shovel":4,"minecraft:oak_planks":2,"minecraft:filled_map":1,"minecraft:cobblestone_slab":13,"minecraft:birch_sign":1,"minecraft:spider_eye":1,"minecraft:stone_pickaxe":2},"minecraft:crafted":{"minecraft:oak_planks":540,"minecraft:cobblestone_slab":354,"minecraft:stone_shovel":9,"minecraft:furnace":1,"minecraft:mushroom_stew":5,"minecraft:bone_meal":39,"minecraft:white_carpet":3,"minecraft:oak_trapdoor":4,"minecraft:ladder":15,"minecraft:melon_seeds":1,"minecraft:stone_pickaxe":27,"minecraft:chest":2,"minecraft:stone_hoe":3,"minecraft:oak_fence":15,"minecraft:golden_boots":1,"minecraft:oak_slab":360,"minecraft:cooked_porkchop":3,"minecraft:crafting_table":3,"minecraft:wooden_pickaxe":1,"minecraft:baked_potato":14,"minecraft:bowl":4,"minecraft:stone_axe":9,"minecraft:air":0,"minecraft:oak_fence_gate":1,"minecraft:oak_boat":3,"minecraft:white_wool":3,"minecraft:golden_apple":2,"minecraft:charcoal":17,"minecraft:gold_nugget":28,"minecraft:stick":120,"minecraft:wooden_axe":2,"minecraft:stone_sword":22,"minecraft:snow_block":395,"minecraft:gold_ingot":18,"minecraft:white_bed":1,"minecraft:torch":48},"minecraft:picked_up":{"minecraft:charcoal":11,"minecraft:crafting_table":9,"minecraft:splash_potion":7,"minecraft:ladder":19,"minecraft:brown_mushroom":27,"minecraft:gilded_blackstone":1,"minecraft:nether_brick":13,"minecraft:golden_sword":36,"minecraft:string":37,"minecraft:oak_trapdoor":6,"minecraft:white_carpet":6,"minecraft:blackstone":14,"minecraft:blue_orchid":1,"minecraft:beetroot":16,"minecraft:gold_nugget":209,"minecraft:oak_boat":7,"minecraft:cobblestone_slab":139,"minecraft:poppy":7,"minecraft:sugar_cane":1,"minecraft:melon_slice":71,"minecraft:chest":2,"minecraft:birch_sapling":7,"minecraft:stick":152,"minecraft:oak_fence":9,"minecraft:torch":33,"minecraft:snow_block":105,"minecraft:fire_charge":5,"minecraft:porkchop":3,"minecraft:stone_sword":20,"minecraft:arrow":21,"minecraft:rotten_flesh":421,"minecraft:stone_shovel":6,"minecraft:beetroot_seeds":62,"minecraft:pink_tulip":1,"minecraft:gold_ingot":41,"minecraft:snowball":2160,"minecraft:cobblestone":2585,"minecraft:oxeye_daisy":2,"minecraft:stripped_oak_log":1,"minecraft:birch_log":7,"minecraft:leather":19,"minecraft:golden_leggings":1,"minecraft:red_mushroom":15,"minecraft:potato":22,"minecraft:filled_map":2,"minecraft:oak_log":828,"minecraft:golden_boots":3,"minecraft:gunpowder":39,"minecraft:dirt":67,"minecraft:piglin_head":1,"minecraft:bone":39,"minecraft:apple":8,"minecraft:bow":7,"minecraft:wheat_seeds":18,"minecraft:stone_pickaxe":13,"minecraft:moss_block":1,"minecraft:stone_hoe":7,"minecraft:oak_planks":138,"minecraft:soul_sand":22,"minecraft:oak_slab":53,"minecraft:cooked_porkchop":2,"minecraft:quartz":54,"minecraft:dandelion":12,"minecraft:sand":3,"minecraft:crying_obsidian":5,"minecraft:spectral_arrow":72,"minecraft:spider_eye":13,"minecraft:stone_axe":10,"minecraft:crossbow":11,"minecraft:bone_meal":56,"minecraft:birch_sign":2,"minecraft:oak_sapling":214,"minecraft:warped_nylium":1,"minecraft:netherrack":2,"minecraft:ender_pearl":15}},"DataVersion":3465}