{"stats":{"minecraft:killed":{"minecraft:spider":1,"minecraft:creeper":2,"minecraft:skeleton":1,"minecraft:zombie":2,"minecraft:enderman":2},"minecraft:killed_by":{"minecraft:player":3},"minecraft:broken":{"minecraft:stone_pickaxe":5,"minecraft:stone_axe":2,"minecraft:wooden_axe":1,"minecraft:stone_shovel":2,"minecraft:wooden_pickaxe":1},"minecraft:used":{"minecraft:oak_fence":16,"minecraft:oak_trapdoor":3,"minecraft:water_bucket":1,"minecraft:stone_sword":106,"minecraft:snow_block":56,"minecraft:stone_shovel":309,"minecraft:stone_pickaxe":846,"minecraft:poppy":1,"minecraft:wooden_pickaxe":59,"minecraft:cobblestone_slab":329,"minecraft:stone_hoe":61,"minecraft:rotten_flesh":7,"minecraft:torch":9,"minecraft:dirt":14,"minecraft:spyglass":64,"minecraft:oak_slab":66,"minecraft:crafting_table":3,"minecraft:snowball":54,"minecraft:oak_fence_gate":1,"minecraft:oak_log":39,"minecraft:apple":3,"minecraft:wooden_axe":44,"minecraft:lava_bucket":1,"minecraft:oxeye_daisy":1,"minecraft:melon_slice":17,"minecraft:melon_seeds":1,"minecraft:stone_axe":300,"minecraft:cobblestone":66,"minecraft:oak_sapling":31,"minecraft:beetroot_seeds":7,"minecraft:bucket":1,"minecraft:oak_boat":1,"minecraft:bone_meal":3},"minecraft:mined":{"minecraft:oak_slab":2,"minecraft:oak_sapling":7,"minecraft:snow_block":3,"minecraft:dandelion":1,"minecraft:oak_fence":2,"minecraft:crafting_table":1,"minecraft:grass_block":4,"minecraft:poppy":1,"minecraft:melon":5,"minecraft:cobblestone":852,"minecraft:oak_planks":1,"minecraft:moss_block":1,"minecraft:oxeye_daisy":2,"minecraft:oak_trapdoor":1,"minecraft:snow":302,"minecraft:fire":35,"minecraft:ice":2,"minecraft:grass":2,"minecraft:beetroots":3,"minecraft:oak_log":299,"minecraft:cobblestone_slab":35,"minecraft:sand":1,"minecraft:dirt":26,"minecraft:stripped_oak_log":1,"minecraft:birch_wall_sign":1,"minecraft:pink_tulip":1,"minecraft:birch_sign":1,"minecraft:blue_orchid":1,"minecraft:oak_leaves":180,"minecraft:fern":1},"minecraft:custom":{"minecraft:interact_with_furnace":5,"minecraft:mob_kills":9,"minecraft:interact_with_crafting_table":79,"minecraft:leave_game":2,"minecraft:time_since_death":92321,"minecraft:time_since_rest":92350,"minecraft:sprint_one_cm":49825,"minecraft:damage_taken":1617,"minecraft:walk_one_cm":537032,"minecraft:drop":53,"minecraft:damage_dealt":3240,"minecraft:swim_one_cm":326,"minecraft:talked_to_villager":1,"minecraft:fly_one_cm":78082,"minecraft:player_kills":1,"minecraft:open_chest":103,"minecraft:crouch_one_cm":163646,"minecraft:play_time":254409,"minecraft:deaths":3,"minecraft:sneak_time":57931,"minecraft:walk_under_water_one_cm":34389,"minecraft:boat_one_cm":198,"minecraft:jump":1063,"minecraft:walk_on_water_one_cm":8918,"minecraft:total_world_time":254409,"minecraft:fall_one_cm":6768},"minecraft:dropped":{"minecraft:moss_block":1,"minecraft:stone_sword":1,"minecraft:stone_shovel":4,"minecraft:cobblestone":15,"minecraft:oak_planks":2,"minecraft:stick":2,"minecraft:filled_map":1,"minecraft:lava_bucket":1,"minecraft:cobblestone_slab":13,"minecraft:wooden_axe":1,"minecraft:melon_slice":2,"minecraft:snowball":322,"minecraft:birch_sign":1,"minecraft:stone_pickaxe":2,"minecraft:bucket":1},"minecraft:crafted":{"minecraft:oak_slab":72,"minecraft:oak_planks":132,"minecraft:cobblestone_slab":342,"minecraft:stone_shovel":4,"minecraft:crafting_table":2,"minecraft:wooden_pickaxe":1,"minecraft:bone_meal":3,"minecraft:stone_axe":3,"minecraft:air":0,"minecraft:oak_trapdoor":2,"minecraft:oak_boat":1,"minecraft:oak_fence_gate":1,"minecraft:charcoal":11,"minecraft:melon_seeds":1,"minecraft:stick":48,"minecraft:stone_pickaxe":10,"minecraft:wooden_axe":2,"minecraft:stone_sword":2,"minecraft:snow_block":70,"minecraft:torch":24,"minecraft:stone_hoe":2,"minecraft:oak_fence":15},"minecraft:picked_up":{"minecraft:stripped_oak_log":1,"minecraft:crafting_table":1,"minecraft:filled_map":1,"minecraft:oak_log":401,"minecraft:oak_trapdoor":2,"minecraft:dirt":49,"minecraft:piglin_head":1,"minecraft:bone":1,"minecraft:beetroot":2,"minecraft:apple":6,"minecraft:blue_orchid":1,"minecraft:stone_pickaxe":2,"minecraft:oak_boat":1,"minecraft:cobblestone_slab":36,"minecraft:poppy":1,"minecraft:melon_slice":30,"minecraft:moss_block":1,"minecraft:oak_planks":6,"minecraft:oak_slab":2,"minecraft:stick":62,"minecraft:oak_fence":2,"minecraft:dandelion":1,"minecraft:snow_block":41,"minecraft:sand":3,"minecraft:spider_eye":1,"minecraft:stone_sword":2,"minecraft:stone_shovel":4,"minecraft:arrow":1,"minecraft:rotten_flesh":3,"minecraft:stone_axe":1,"minecraft:beetroot_seeds":9,"minecraft:birch_sign":2,"minecraft:pink_tulip":1,"minecraft:oak_sapling":72,"minecraft:warped_nylium":1,"minecraft:snowball":668,"minecraft:cobblestone":801,"minecraft:oxeye_daisy":2}},"DataVersion":3465}