{"stats":{"minecraft:broken":{"minecraft:stone_sword":1,"minecraft:wooden_pickaxe":1,"minecraft:stone_pickaxe":17,"minecraft:stone_axe":2,"minecraft:wooden_axe":1,"minecraft:stone_shovel":7},"minecraft:picked_up":{"minecraft:charcoal":11,"minecraft:crafting_table":1,"minecraft:brown_mushroom":27,"minecraft:oak_trapdoor":2,"minecraft:string":9,"minecraft:blue_orchid":1,"minecraft:beetroot":13,"minecraft:oak_boat":3,"minecraft:cobblestone_slab":91,"minecraft:poppy":1,"minecraft:sugar_cane":1,"minecraft:melon_slice":71,"minecraft:chest":2,"minecraft:birch_sapling":4,"minecraft:stick":144,"minecraft:oak_fence":3,"minecraft:torch":17,"minecraft:snow_block":105,"minecraft:rotten_flesh":22,"minecraft:stone_sword":5,"minecraft:arrow":6,"minecraft:stone_shovel":6,"minecraft:beetroot_seeds":44,"minecraft:pink_tulip":1,"minecraft:snowball":2114,"minecraft:cobblestone":2222,"minecraft:oxeye_daisy":2,"minecraft:stripped_oak_log":1,"minecraft:birch_log":7,"minecraft:red_mushroom":15,"minecraft:potato":22,"minecraft:filled_map":2,"minecraft:oak_log":560,"minecraft:gunpowder":17,"minecraft:dirt":52,"minecraft:piglin_head":1,"minecraft:bone":17,"minecraft:apple":8,"minecraft:bow":1,"minecraft:stone_pickaxe":4,"minecraft:moss_block":1,"minecraft:stone_hoe":1,"minecraft:oak_planks":60,"minecraft:oak_slab":48,"minecraft:dandelion":2,"minecraft:sand":3,"minecraft:spider_eye":4,"minecraft:stone_axe":4,"minecraft:birch_sign":2,"minecraft:oak_sapling":129,"minecraft:warped_nylium":1,"minecraft:netherrack":2,"minecraft:ender_pearl":1},"minecraft:used":{"minecraft:oak_trapdoor":3,"minecraft:oak_fence":17,"minecraft:beetroot":8,"minecraft:stone_sword":349,"minecraft:stone_shovel":1004,"minecraft:poppy":1,"minecraft:chest":4,"minecraft:stone_hoe":123,"minecraft:rotten_flesh":19,"minecraft:torch":18,"minecraft:spyglass":64,"minecraft:dirt":17,"minecraft:snowball":73,"minecraft:oak_fence_gate":1,"minecraft:wooden_axe":44,"minecraft:lava_bucket":1,"minecraft:birch_sapling":2,"minecraft:warped_nylium":1,"minecraft:melon_seeds":1,"minecraft:oak_sapling":55,"minecraft:beetroot_seeds":19,"minecraft:potato":8,"minecraft:water_bucket":20,"minecraft:snow_block":72,"minecraft:baked_potato":5,"minecraft:stone_pickaxe":2382,"minecraft:oak_planks":39,"minecraft:wooden_pickaxe":59,"minecraft:brown_mushroom":2,"minecraft:cobblestone_slab":375,"minecraft:oak_slab":351,"minecraft:crafting_table":3,"minecraft:mushroom_stew":5,"minecraft:red_mushroom":1,"minecraft:oak_log":39,"minecraft:apple":5,"minecraft:oxeye_daisy":1,"minecraft:melon_slice":46,"minecraft:stone_axe":508,"minecraft:cobblestone":570,"minecraft:bucket":20,"minecraft:ice":1,"minecraft:oak_boat":2,"minecraft:dandelion":1,"minecraft:bone_meal":18},"minecraft:killed_by":{"minecraft:player":3,"minecraft:spider":2,"minecraft:phantom":1},"minecraft:killed":{"minecraft:spider":16,"minecraft:skeleton":6,"minecraft:hoglin":1,"minecraft:creeper":9,"minecraft:zombie":16,"minecraft:enderman":3},"minecraft:dropped":{"minecraft:moss_block":1,"minecraft:cobblestone":15,"minecraft:stick":2,"minecraft:lava_bucket":1,"minecraft:wooden_axe":1,"minecraft:melon_slice":2,"minecraft:snowball":436,"minecraft:bucket":1,"minecraft:stone_sword":1,"minecraft:stone_shovel":4,"minecraft:oak_planks":2,"minecraft:filled_map":1,"minecraft:cobblestone_slab":13,"minecraft:spider_eye":1,"minecraft:birch_sign":1,"minecraft:stone_pickaxe":2},"minecraft:custom":{"minecraft:mob_kills":55,"minecraft:interact_with_crafting_table":138,"minecraft:leave_game":6,"minecraft:time_since_death":16194,"minecraft:sprint_one_cm":151905,"minecraft:walk_one_cm":1134464,"minecraft:drop":70,"minecraft:talked_to_villager":1,"minecraft:play_time":562235,"minecraft:deaths":8,"minecraft:sneak_time":118771,"minecraft:walk_under_water_one_cm":72208,"minecraft:boat_one_cm":198,"minecraft:jump":2645,"minecraft:walk_on_water_one_cm":14708,"minecraft:total_world_time":562235,"minecraft:interact_with_furnace":17,"minecraft:time_since_rest":16310,"minecraft:damage_taken":4182,"minecraft:damage_dealt":11941,"minecraft:swim_one_cm":326,"minecraft:fly_one_cm":225691,"minecraft:player_kills":1,"minecraft:open_chest":330,"minecraft:crouch_one_cm":317138,"minecraft:fall_one_cm":22242},"minecraft:mined":{"minecraft:oak_sapling":8,"minecraft:grass_block":4,"minecraft:brown_mushroom_block":45,"minecraft:moss_block":1,"minecraft:oxeye_daisy":2,"minecraft:oak_trapdoor":1,"minecraft:fire":55,"minecraft:snow":989,"minecraft:potatoes":5,"minecraft:cobblestone_slab":54,"minecraft:stripped_oak_log":1,"minecraft:birch_wall_sign":1,"minecraft:pink_tulip":1,"minecraft:blue_orchid":1,"minecraft:oak_slab":5,"minecraft:snow_block":10,"minecraft:dandelion":2,"minecraft:oak_fence":3,"minecraft:crafting_table":1,"minecraft:torch":2,"minecraft:poppy":1,"minecraft:melon":13,"minecraft:chest":2,"minecraft:mushroom_stem":12,"minecraft:cobblestone":2338,"minecraft:oak_planks":14,"minecraft:birch_sapling":1,"minecraft:warped_nylium":1,"minecraft:birch_log":7,"minecraft:ice":3,"minecraft:birch_leaves":5,"minecraft:grass":2,"minecraft:oak_log":456,"minecraft:beetroots":16,"minecraft:sand":1,"minecraft:dirt":30,"minecraft:birch_sign":1,"minecraft:red_mushroom_block":45,"minecraft:oak_leaves":306,"minecraft:fern":1},"minecraft:crafted":{"minecraft:oak_planks":316,"minecraft:cobblestone_slab":342,"minecraft:stone_shovel":9,"minecraft:mushroom_stew":5,"minecraft:bone_meal":27,"minecraft:oak_trapdoor":2,"minecraft:melon_seeds":1,"minecraft:stone_pickaxe":24,"minecraft:chest":2,"minecraft:stone_hoe":3,"minecraft:oak_fence":15,"minecraft:oak_slab":354,"minecraft:crafting_table":2,"minecraft:baked_potato":14,"minecraft:wooden_pickaxe":1,"minecraft:bowl":4,"minecraft:stone_axe":6,"minecraft:air":0,"minecraft:oak_fence_gate":1,"minecraft:oak_boat":1,"minecraft:white_wool":2,"minecraft:charcoal":11,"minecraft:stick":56,"minecraft:wooden_axe":2,"minecraft:stone_sword":5,"minecraft:snow_block":395,"minecraft:torch":28}},"DataVersion":3465}