{"stats":{"minecraft:broken":{"minecraft:stone_sword":14,"minecraft:wooden_pickaxe":1,"minecraft:stone_pickaxe":26,"minecraft:golden_sword":1,"minecraft:stone_axe":6,"minecraft:wooden_axe":1,"minecraft:stone_shovel":9},"minecraft:picked_up":{"minecraft:charcoal":11,"minecraft:crafting_table":18,"minecraft:splash_potion":7,"minecraft:ladder":85,"minecraft:leather_leggings":3,"minecraft:brown_mushroom":27,"minecraft:gilded_blackstone":1,"minecraft:nether_brick":13,"minecraft:golden_sword":38,"minecraft:string":88,"minecraft:oak_trapdoor":20,"minecraft:white_carpet":6,"minecraft:iron_shovel":1,"minecraft:blackstone":14,"minecraft:blue_orchid":1,"minecraft:beetroot":16,"minecraft:gold_nugget":213,"minecraft:spruce_planks":5,"minecraft:oak_boat":8,"minecraft:cobblestone_slab":213,"minecraft:poppy":7,"minecraft:melon_slice":102,"minecraft:sugar_cane":1,"minecraft:chest":2,"minecraft:birch_sapling":12,"minecraft:golden_helmet":6,"minecraft:stick":230,"minecraft:oak_fence":9,"minecraft:torch":85,"minecraft:spruce_stairs":1,"minecraft:fire_charge":6,"minecraft:snow_block":153,"minecraft:porkchop":3,"minecraft:carrot":3,"minecraft:redstone":1,"minecraft:golden_chestplate":4,"minecraft:stone_sword":24,"minecraft:arrow":353,"minecraft:stone_shovel":9,"minecraft:rotten_flesh":709,"minecraft:beetroot_seeds":62,"minecraft:pink_tulip":1,"minecraft:gold_ingot":41,"minecraft:snowball":2934,"minecraft:cobblestone":3632,"minecraft:oxeye_daisy":2,"minecraft:stripped_oak_log":1,"minecraft:birch_log":19,"minecraft:water_bucket":2,"minecraft:leather":19,"minecraft:golden_leggings":9,"minecraft:music_disc_stal":1,"minecraft:red_mushroom":15,"minecraft:potato":204,"minecraft:filled_map":2,"minecraft:oak_log":1028,"minecraft:chainmail_chestplate":3,"minecraft:golden_boots":6,"minecraft:gunpowder":308,"minecraft:dirt":84,"minecraft:leather_boots":7,"minecraft:piglin_head":1,"minecraft:bone":296,"minecraft:apple":17,"minecraft:bow":33,"minecraft:wheat_seeds":20,"minecraft:iron_ingot":2,"minecraft:stone_pickaxe":16,"minecraft:glass_bottle":2,"minecraft:moss_block":1,"minecraft:stone_hoe":7,"minecraft:oak_planks":396,"minecraft:soul_sand":27,"minecraft:oak_slab":89,"minecraft:cooked_porkchop":2,"minecraft:quartz":54,"minecraft:dandelion":12,"minecraft:poisonous_potato":2,"minecraft:sand":3,"minecraft:spruce_log":3,"minecraft:crying_obsidian":5,"minecraft:spectral_arrow":78,"minecraft:spider_eye":13,"minecraft:leather_helmet":2,"minecraft:sugar":2,"minecraft:stone_axe":13,"minecraft:chainmail_leggings":1,"minecraft:crossbow":14,"minecraft:bone_meal":100,"minecraft:birch_sign":2,"minecraft:chainmail_helmet":1,"minecraft:baked_potato":16,"minecraft:oak_sapling":332,"minecraft:netherrack":2,"minecraft:warped_nylium":1,"minecraft:ender_pearl":15},"minecraft:used":{"minecraft:oak_fence":33,"minecraft:oak_trapdoor":81,"minecraft:beetroot":9,"minecraft:stone_sword":2775,"minecraft:stone_shovel":1523,"minecraft:ladder":73,"minecraft:poppy":1,"minecraft:chest":6,"minecraft:spruce_planks":17,"minecraft:stone_hoe":154,"minecraft:rotten_flesh":73,"minecraft:torch":87,"minecraft:spyglass":64,"minecraft:dirt":21,"minecraft:white_carpet":5,"minecraft:axolotl_bucket":2,"minecraft:snowball":91,"minecraft:oak_fence_gate":1,"minecraft:wooden_axe":44,"minecraft:lava_bucket":1,"minecraft:birch_sapling":6,"minecraft:warped_nylium":1,"minecraft:melon_seeds":1,"minecraft:golden_sword":4,"minecraft:bow":9,"minecraft:oak_sapling":88,"minecraft:furnace":2,"minecraft:beetroot_seeds":19,"minecraft:potato":58,"minecraft:zombified_piglin_spawn_egg":10,"minecraft:golden_boots":1,"minecraft:water_bucket":49,"minecraft:snow_block":148,"minecraft:baked_potato":39,"minecraft:oak_planks":306,"minecraft:stone_pickaxe":3929,"minecraft:ender_pearl":6,"minecraft:brown_mushroom":2,"minecraft:wooden_pickaxe":59,"minecraft:cobblestone_slab":813,"minecraft:leather_boots":1,"minecraft:gilded_blackstone":1,"minecraft:oak_slab":389,"minecraft:crafting_table":14,"minecraft:red_mushroom":1,"minecraft:mushroom_stew":5,"minecraft:crossbow":19,"minecraft:white_bed":1,"minecraft:oak_log":52,"minecraft:apple":6,"minecraft:oxeye_daisy":1,"minecraft:melon_slice":66,"minecraft:golden_leggings":1,"minecraft:stone_axe":1274,"minecraft:cobblestone":1972,"minecraft:cooked_porkchop":3,"minecraft:piglin_spawn_egg":7,"minecraft:bucket":50,"minecraft:ice":1,"minecraft:oak_boat":9,"minecraft:dandelion":1,"minecraft:bone_meal":168,"minecraft:splash_potion":1},"minecraft:killed_by":{"minecraft:ghast":1,"minecraft:player":3,"minecraft:zombified_piglin":5,"minecraft:spider":2,"minecraft:piglin":3,"minecraft:skeleton":1,"minecraft:phantom":1,"minecraft:witch":2,"minecraft:zombie":1},"minecraft:killed":{"minecraft:witch":4,"minecraft:zombified_piglin":458,"minecraft:spider":20,"minecraft:skeleton":222,"minecraft:piglin":59,"minecraft:zombie_villager":2,"minecraft:hoglin":2,"minecraft:creeper":250,"minecraft:zombie":262,"minecraft:enderman":5},"minecraft:dropped":{"minecraft:water_bucket":1,"minecraft:moss_block":1,"minecraft:wheat_seeds":1,"minecraft:poisonous_potato":2,"minecraft:cobblestone":16,"minecraft:rooted_dirt":1,"minecraft:leather_helmet":1,"minecraft:stick":2,"minecraft:lava_bucket":1,"minecraft:dirt":49,"minecraft:wooden_axe":1,"minecraft:melon_slice":2,"minecraft:snowball":481,"minecraft:string":8,"minecraft:white_wool":62,"minecraft:bucket":1,"minecraft:gold_ingot":21,"minecraft:stone_sword":2,"minecraft:stone_shovel":4,"minecraft:rotten_flesh":81,"minecraft:oak_planks":2,"minecraft:filled_map":1,"minecraft:cobblestone_slab":13,"minecraft:leather_boots":1,"minecraft:golden_sword":1,"minecraft:spider_eye":1,"minecraft:birch_sign":1,"minecraft:bow":12,"minecraft:stone_pickaxe":2},"minecraft:custom":{"minecraft:mob_kills":1304,"minecraft:interact_with_crafting_table":285,"minecraft:open_barrel":3,"minecraft:leave_game":12,"minecraft:time_since_death":49103,"minecraft:climb_one_cm":125725,"minecraft:sprint_one_cm":485965,"minecraft:walk_one_cm":2592793,"minecraft:drop":124,"minecraft:talked_to_villager":1,"minecraft:play_time":1170092,"minecraft:sneak_time":209711,"minecraft:deaths":22,"minecraft:walk_under_water_one_cm":88771,"minecraft:boat_one_cm":583,"minecraft:jump":5783,"minecraft:walk_on_water_one_cm":38780,"minecraft:total_world_time":1170092,"minecraft:interact_with_furnace":120,"minecraft:sleep_in_bed":11,"minecraft:time_since_rest":7590,"minecraft:damage_taken":11005,"minecraft:damage_dealt":107254,"minecraft:swim_one_cm":326,"minecraft:fly_one_cm":843571,"minecraft:player_kills":1,"minecraft:open_chest":669,"minecraft:crouch_one_cm":648232,"minecraft:fall_one_cm":81437},"minecraft:crafted":{"minecraft:oak_planks":924,"minecraft:cobblestone_slab":792,"minecraft:stone_shovel":15,"minecraft:golden_chestplate":1,"minecraft:iron_nugget":3,"minecraft:furnace":2,"minecraft:mushroom_stew":5,"minecraft:bone_meal":630,"minecraft:white_carpet":3,"minecraft:oak_trapdoor":88,"minecraft:ladder":57,"minecraft:melon_seeds":1,"minecraft:stone_pickaxe":41,"minecraft:chest":4,"minecraft:stone_hoe":3,"minecraft:oak_fence":15,"minecraft:golden_helmet":2,"minecraft:golden_boots":2,"minecraft:bone_block":49,"minecraft:oak_slab":372,"minecraft:cooked_porkchop":3,"minecraft:crafting_table":5,"minecraft:spruce_planks":12,"minecraft:wooden_pickaxe":1,"minecraft:baked_potato":51,"minecraft:bowl":4,"minecraft:leather_helmet":1,"minecraft:stone_axe":15,"minecraft:air":0,"minecraft:oak_fence_gate":1,"minecraft:oak_boat":4,"minecraft:white_wool":12,"minecraft:charcoal":33,"minecraft:golden_apple":2,"minecraft:gold_nugget":34,"minecraft:stick":280,"minecraft:wooden_axe":2,"minecraft:stone_sword":30,"minecraft:snow_block":577,"minecraft:gold_ingot":18,"minecraft:white_bed":1,"minecraft:torch":80},"minecraft:mined":{"minecraft:spruce_planks":5,"minecraft:oak_sapling":10,"minecraft:ladder":15,"minecraft:grass_block":4,"minecraft:brown_mushroom_block":45,"minecraft:moss_block":1,"minecraft:oxeye_daisy":2,"minecraft:gilded_blackstone":1,"minecraft:oak_trapdoor":15,"minecraft:fire":100,"minecraft:snow":1441,"minecraft:potatoes":52,"minecraft:cobblestone_slab":238,"minecraft:birch_wall_sign":1,"minecraft:stripped_oak_log":1,"minecraft:pink_tulip":1,"minecraft:blue_orchid":1,"minecraft:oak_slab":45,"minecraft:snow_block":72,"minecraft:dandelion":4,"minecraft:powder_snow":13,"minecraft:oak_fence":4,"minecraft:crafting_table":9,"minecraft:torch":15,"minecraft:poppy":3,"minecraft:melon":18,"minecraft:chest":2,"minecraft:mushroom_stem":12,"minecraft:tall_grass":14,"minecraft:cobblestone":3678,"minecraft:oak_planks":216,"minecraft:wall_torch":3,"minecraft:birch_sapling":1,"minecraft:spruce_stairs":1,"minecraft:warped_nylium":1,"minecraft:birch_log":18,"minecraft:ice":17,"minecraft:spruce_log":4,"minecraft:birch_leaves":19,"minecraft:grass":26,"minecraft:oak_log":659,"minecraft:beetroots":16,"minecraft:sand":1,"minecraft:dirt":32,"minecraft:birch_sign":1,"minecraft:red_mushroom_block":45,"minecraft:oak_leaves":388,"minecraft:fern":1}},"DataVersion":3465}