{"stats":{"minecraft:broken":{"minecraft:wooden_pickaxe":1},"minecraft:used":{"minecraft:oak_log":1,"minecraft:water_bucket":1,"minecraft:lava_bucket":1,"minecraft:oxeye_daisy":1,"minecraft:stone_pickaxe":43,"minecraft:poppy":1,"minecraft:wooden_pickaxe":59,"minecraft:cobblestone_slab":61,"minecraft:dirt":10,"minecraft:crafting_table":2,"minecraft:oak_sapling":2,"minecraft:bucket":1},"minecraft:mined":{"minecraft:oak_sapling":1,"minecraft:ice":1,"minecraft:crafting_table":1,"minecraft:grass":1,"minecraft:grass_block":4,"minecraft:oak_log":6,"minecraft:poppy":1,"minecraft:cobblestone_slab":1,"minecraft:dirt":6,"minecraft:birch_wall_sign":1,"minecraft:cobblestone":101,"minecraft:blue_orchid":1,"minecraft:oxeye_daisy":2,"minecraft:oak_leaves":2,"minecraft:fern":1},"minecraft:custom":{"minecraft:time_since_rest":63430,"minecraft:sprint_one_cm":1715,"minecraft:damage_taken":85,"minecraft:walk_one_cm":46561,"minecraft:drop":16,"minecraft:damage_dealt":45,"minecraft:interact_with_crafting_table":13,"minecraft:fly_one_cm":6571,"minecraft:open_chest":19,"minecraft:crouch_one_cm":20658,"minecraft:play_time":63430,"minecraft:sneak_time":9588,"minecraft:walk_under_water_one_cm":470,"minecraft:jump":200,"minecraft:leave_game":1,"minecraft:time_since_death":63430,"minecraft:walk_on_water_one_cm":2163,"minecraft:total_world_time":63430,"minecraft:fall_one_cm":836},"minecraft:dropped":{"minecraft:lava_bucket":1,"minecraft:cobblestone_slab":13,"minecraft:wooden_axe":1,"minecraft:cobblestone":7},"minecraft:crafted":{"minecraft:oak_planks":20,"minecraft:cobblestone_slab":78,"minecraft:crafting_table":1,"minecraft:stick":8,"minecraft:wooden_pickaxe":1,"minecraft:stone_pickaxe":1,"minecraft:wooden_axe":2},"minecraft:picked_up":{"minecraft:stick":2,"minecraft:crafting_table":1,"minecraft:oak_log":6,"minecraft:dirt":10,"minecraft:blue_orchid":1,"minecraft:birch_sign":1,"minecraft:cobblestone_slab":1,"minecraft:poppy":1,"minecraft:oak_sapling":2,"minecraft:cobblestone":111,"minecraft:oxeye_daisy":2}},"DataVersion":3465}