{"stats":{"minecraft:killed":{"minecraft:spider":1,"minecraft:creeper":2,"minecraft:skeleton":2,"minecraft:zombie":2,"minecraft:enderman":2},"minecraft:killed_by":{"minecraft:player":3,"minecraft:phantom":1},"minecraft:crafted":{"minecraft:oak_slab":72,"minecraft:oak_planks":132,"minecraft:cobblestone_slab":342,"minecraft:stone_shovel":8,"minecraft:crafting_table":2,"minecraft:wooden_pickaxe":1,"minecraft:bone_meal":3,"minecraft:stone_axe":4,"minecraft:air":0,"minecraft:oak_trapdoor":2,"minecraft:oak_fence_gate":1,"minecraft:oak_boat":1,"minecraft:charcoal":11,"minecraft:melon_seeds":1,"minecraft:stick":48,"minecraft:stone_pickaxe":17,"minecraft:wooden_axe":2,"minecraft:stone_sword":2,"minecraft:snow_block":316,"minecraft:torch":24,"minecraft:stone_hoe":2,"minecraft:oak_fence":15},"minecraft:broken":{"minecraft:stone_pickaxe":11,"minecraft:stone_axe":2,"minecraft:wooden_axe":1,"minecraft:stone_shovel":7,"minecraft:wooden_pickaxe":1},"minecraft:custom":{"minecraft:interact_with_furnace":8,"minecraft:mob_kills":10,"minecraft:interact_with_crafting_table":105,"minecraft:leave_game":5,"minecraft:time_since_death":33603,"minecraft:time_since_rest":33987,"minecraft:damage_taken":2072,"minecraft:sprint_one_cm":73971,"minecraft:walk_one_cm":747406,"minecraft:drop":60,"minecraft:damage_dealt":3479,"minecraft:swim_one_cm":326,"minecraft:fly_one_cm":96439,"minecraft:talked_to_villager":1,"minecraft:player_kills":1,"minecraft:open_chest":172,"minecraft:play_time":355457,"minecraft:crouch_one_cm":211651,"minecraft:sneak_time":78367,"minecraft:deaths":4,"minecraft:walk_under_water_one_cm":41204,"minecraft:boat_one_cm":198,"minecraft:jump":1426,"minecraft:walk_on_water_one_cm":10194,"minecraft:total_world_time":355457,"minecraft:fall_one_cm":9648},"minecraft:used":{"minecraft:oak_trapdoor":3,"minecraft:oak_fence":16,"minecraft:beetroot":1,"minecraft:water_bucket":1,"minecraft:stone_sword":109,"minecraft:snow_block":69,"minecraft:stone_shovel":897,"minecraft:stone_pickaxe":1586,"minecraft:poppy":1,"minecraft:wooden_pickaxe":59,"minecraft:brown_mushroom":1,"minecraft:cobblestone_slab":355,"minecraft:stone_hoe":122,"minecraft:rotten_flesh":7,"minecraft:torch":9,"minecraft:spyglass":64,"minecraft:dirt":14,"minecraft:oak_slab":66,"minecraft:crafting_table":3,"minecraft:snowball":73,"minecraft:oak_fence_gate":1,"minecraft:oak_log":39,"minecraft:apple":5,"minecraft:wooden_axe":44,"minecraft:lava_bucket":1,"minecraft:oxeye_daisy":1,"minecraft:melon_slice":28,"minecraft:birch_sapling":1,"minecraft:warped_nylium":1,"minecraft:melon_seeds":1,"minecraft:stone_axe":430,"minecraft:cobblestone":92,"minecraft:oak_sapling":46,"minecraft:beetroot_seeds":12,"minecraft:bucket":1,"minecraft:oak_boat":1,"minecraft:bone_meal":3},"minecraft:picked_up":{"minecraft:stripped_oak_log":1,"minecraft:charcoal":5,"minecraft:crafting_table":1,"minecraft:brown_mushroom":2,"minecraft:red_mushroom":1,"minecraft:filled_map":2,"minecraft:oak_log":510,"minecraft:dirt":49,"minecraft:oak_trapdoor":2,"minecraft:piglin_head":1,"minecraft:bone":2,"minecraft:beetroot":7,"minecraft:blue_orchid":1,"minecraft:apple":7,"minecraft:stone_pickaxe":3,"minecraft:oak_boat":2,"minecraft:cobblestone_slab":79,"minecraft:poppy":1,"minecraft:melon_slice":46,"minecraft:moss_block":1,"minecraft:sugar_cane":1,"minecraft:birch_sapling":1,"minecraft:oak_planks":6,"minecraft:oak_slab":2,"minecraft:stick":135,"minecraft:oak_fence":2,"minecraft:torch":15,"minecraft:dandelion":1,"minecraft:snow_block":105,"minecraft:sand":3,"minecraft:spider_eye":1,"minecraft:stone_sword":3,"minecraft:arrow":2,"minecraft:stone_shovel":6,"minecraft:rotten_flesh":3,"minecraft:stone_axe":3,"minecraft:beetroot_seeds":23,"minecraft:birch_sign":2,"minecraft:pink_tulip":1,"minecraft:oak_sapling":112,"minecraft:netherrack":2,"minecraft:warped_nylium":1,"minecraft:snowball":1809,"minecraft:cobblestone":1403,"minecraft:oxeye_daisy":2},"minecraft:dropped":{"minecraft:moss_block":1,"minecraft:stone_sword":1,"minecraft:stone_shovel":4,"minecraft:cobblestone":15,"minecraft:oak_planks":2,"minecraft:stick":2,"minecraft:filled_map":1,"minecraft:lava_bucket":1,"minecraft:cobblestone_slab":13,"minecraft:wooden_axe":1,"minecraft:melon_slice":2,"minecraft:snowball":427,"minecraft:birch_sign":1,"minecraft:stone_pickaxe":2,"minecraft:bucket":1},"minecraft:mined":{"minecraft:oak_slab":2,"minecraft:oak_sapling":7,"minecraft:snow_block":10,"minecraft:dandelion":1,"minecraft:oak_fence":2,"minecraft:crafting_table":1,"minecraft:grass_block":4,"minecraft:poppy":1,"minecraft:melon":8,"minecraft:cobblestone":1552,"minecraft:moss_block":1,"minecraft:oak_planks":1,"minecraft:oxeye_daisy":2,"minecraft:warped_nylium":1,"minecraft:oak_trapdoor":1,"minecraft:fire":55,"minecraft:snow":882,"minecraft:ice":2,"minecraft:grass":2,"minecraft:oak_log":410,"minecraft:cobblestone_slab":47,"minecraft:beetroots":8,"minecraft:sand":1,"minecraft:dirt":27,"minecraft:birch_wall_sign":1,"minecraft:stripped_oak_log":1,"minecraft:pink_tulip":1,"minecraft:birch_sign":1,"minecraft:blue_orchid":1,"minecraft:oak_leaves":298,"minecraft:fern":1}},"DataVersion":3465}