{"stats":{"minecraft:used":{"minecraft:oak_log":1},"minecraft:mined":{"minecraft:oak_log":6,"minecraft:oak_leaves":2,"minecraft:fern":1,"minecraft:birch_wall_sign":1},"minecraft:custom":{"minecraft:jump":65,"minecraft:open_chest":5,"minecraft:time_since_rest":39430,"minecraft:crouch_one_cm":521,"minecraft:leave_game":1,"minecraft:play_time":39430,"minecraft:time_since_death":39430,"minecraft:walk_one_cm":15624,"minecraft:sneak_time":511,"minecraft:total_world_time":39430,"minecraft:fall_one_cm":836,"minecraft:fly_one_cm":497},"minecraft:picked_up":{"minecraft:birch_sign":1,"minecraft:oak_log":6}},"DataVersion":3465}