{"stats":{"minecraft:broken":{"minecraft:stone_sword":18,"minecraft:leather_leggings":1,"minecraft:leather_chestplate":1,"minecraft:wooden_pickaxe":1,"minecraft:golden_leggings":1,"minecraft:stone_pickaxe":31,"minecraft:golden_sword":1,"minecraft:leather_boots":2,"minecraft:stone_axe":9,"minecraft:wooden_axe":1,"minecraft:bow":1,"minecraft:stone_shovel":9},"minecraft:picked_up":{"minecraft:charcoal":11,"minecraft:crafting_table":22,"minecraft:splash_potion":7,"minecraft:chainmail_boots":2,"minecraft:ladder":86,"minecraft:leather_leggings":3,"minecraft:brown_mushroom":27,"minecraft:wooden_pickaxe":2,"minecraft:potion":1,"minecraft:gilded_blackstone":1,"minecraft:nether_brick":13,"minecraft:golden_sword":38,"minecraft:string":194,"minecraft:oak_trapdoor":20,"minecraft:white_carpet":8,"minecraft:iron_shovel":2,"minecraft:blackstone":14,"minecraft:blue_orchid":1,"minecraft:beetroot":17,"minecraft:gold_nugget":213,"minecraft:spruce_planks":5,"minecraft:oak_boat":13,"minecraft:cobblestone_slab":294,"minecraft:poppy":10,"minecraft:melon_slice":122,"minecraft:sugar_cane":1,"minecraft:chest":2,"minecraft:birch_sapling":27,"minecraft:golden_helmet":7,"minecraft:stick":327,"minecraft:oak_fence":10,"minecraft:torch":101,"minecraft:spruce_stairs":1,"minecraft:porkchop":3,"minecraft:fire_charge":6,"minecraft:snow_block":153,"minecraft:carrot":4,"minecraft:redstone":3,"minecraft:golden_chestplate":4,"minecraft:stone_sword":33,"minecraft:arrow":1144,"minecraft:stone_shovel":9,"minecraft:rotten_flesh":1434,"minecraft:beetroot_seeds":63,"minecraft:pink_tulip":2,"minecraft:gold_ingot":41,"minecraft:music_disc_wait":1,"minecraft:snowball":2944,"minecraft:cobblestone":4261,"minecraft:oxeye_daisy":2,"minecraft:stripped_oak_log":3,"minecraft:birch_log":86,"minecraft:leather_chestplate":2,"minecraft:water_bucket":2,"minecraft:leather":19,"minecraft:golden_leggings":9,"minecraft:music_disc_stal":1,"minecraft:red_mushroom":15,"minecraft:potato":268,"minecraft:birch_planks":1,"minecraft:filled_map":3,"minecraft:ice":2,"minecraft:oak_log":1126,"minecraft:chainmail_chestplate":3,"minecraft:golden_boots":7,"minecraft:gunpowder":1242,"minecraft:dirt":87,"minecraft:piglin_head":1,"minecraft:leather_boots":11,"minecraft:bone":1012,"minecraft:apple":17,"minecraft:bow":64,"minecraft:wheat_seeds":21,"minecraft:stone_pickaxe":19,"minecraft:iron_ingot":6,"minecraft:oak_fence_gate":1,"minecraft:glass_bottle":2,"minecraft:glowstone_dust":4,"minecraft:moss_block":1,"minecraft:iron_sword":1,"minecraft:oak_planks":737,"minecraft:stone_hoe":7,"minecraft:soul_sand":27,"minecraft:oak_slab":106,"minecraft:birch_boat":1,"minecraft:cooked_porkchop":2,"minecraft:quartz":54,"minecraft:dandelion":12,"minecraft:poisonous_potato":2,"minecraft:lava_bucket":1,"minecraft:sand":3,"minecraft:spruce_log":3,"minecraft:white_bed":20,"minecraft:grass_block":2,"minecraft:crying_obsidian":5,"minecraft:spectral_arrow":78,"minecraft:spider_eye":16,"minecraft:leather_helmet":2,"minecraft:pumpkin_seeds":2,"minecraft:sugar":8,"minecraft:stone_axe":16,"minecraft:chainmail_leggings":2,"minecraft:crossbow":14,"minecraft:bone_meal":158,"minecraft:birch_sign":3,"minecraft:golden_apple":1,"minecraft:chainmail_helmet":2,"minecraft:baked_potato":83,"minecraft:oak_sapling":394,"minecraft:netherrack":2,"minecraft:melon_seeds":2,"minecraft:warped_nylium":1,"minecraft:ender_pearl":15},"minecraft:used":{"minecraft:oak_fence":33,"minecraft:oak_trapdoor":81,"minecraft:beetroot":9,"minecraft:stone_sword":3522,"minecraft:flint_and_steel":1,"minecraft:ladder":73,"minecraft:stone_shovel":1523,"minecraft:poppy":1,"minecraft:chest":13,"minecraft:spruce_planks":17,"minecraft:iron_sword":5,"minecraft:stone_hoe":156,"minecraft:rotten_flesh":74,"minecraft:torch":108,"minecraft:spyglass":64,"minecraft:dirt":37,"minecraft:white_carpet":5,"minecraft:carrot":1,"minecraft:axolotl_bucket":4,"minecraft:snowball":91,"minecraft:oak_fence_gate":1,"minecraft:obsidian":18,"minecraft:wooden_axe":44,"minecraft:lava_bucket":5,"minecraft:birch_sapling":11,"minecraft:grass_block":3,"minecraft:warped_nylium":1,"minecraft:melon_seeds":2,"minecraft:golden_sword":4,"minecraft:bow":43,"minecraft:oak_sapling":106,"minecraft:furnace":4,"minecraft:beetroot_seeds":19,"minecraft:potato":75,"minecraft:zombified_piglin_spawn_egg":10,"minecraft:golden_boots":1,"minecraft:water_bucket":67,"minecraft:baked_potato":84,"minecraft:birch_planks":1,"minecraft:oak_planks":353,"minecraft:snow_block":148,"minecraft:stone_pickaxe":4841,"minecraft:brown_mushroom":2,"minecraft:wooden_pickaxe":61,"minecraft:ender_pearl":6,"minecraft:birch_boat":1,"minecraft:leather_chestplate":1,"minecraft:cobblestone_slab":954,"minecraft:leather_boots":2,"minecraft:gilded_blackstone":1,"minecraft:red_mushroom":1,"minecraft:oak_slab":426,"minecraft:crafting_table":17,"minecraft:mushroom_stew":5,"minecraft:crossbow":19,"minecraft:white_bed":22,"minecraft:oak_log":57,"minecraft:apple":6,"minecraft:oxeye_daisy":1,"minecraft:melon_slice":73,"minecraft:string":1,"minecraft:golden_leggings":1,"minecraft:stone_axe":1689,"minecraft:cobblestone":2318,"minecraft:cooked_porkchop":3,"minecraft:piglin_spawn_egg":7,"minecraft:bucket":66,"minecraft:birch_log":17,"minecraft:ice":1,"minecraft:oak_boat":14,"minecraft:stripped_oak_log":1,"minecraft:dandelion":1,"minecraft:bone_meal":256,"minecraft:splash_potion":1},"minecraft:killed_by":{"minecraft:ghast":1,"minecraft:zombie_villager":1,"minecraft:player":3,"minecraft:zombified_piglin":5,"minecraft:spider":3,"minecraft:piglin":3,"minecraft:skeleton":2,"minecraft:phantom":1,"minecraft:witch":11,"minecraft:zombie":1},"minecraft:killed":{"minecraft:witch":11,"minecraft:zombified_piglin":458,"minecraft:spider":21,"minecraft:skeleton":732,"minecraft:piglin":59,"minecraft:zombie_villager":6,"minecraft:hoglin":2,"minecraft:creeper":757,"minecraft:zombie":709,"minecraft:enderman":5},"minecraft:dropped":{"minecraft:water_bucket":1,"minecraft:moss_block":1,"minecraft:wheat_seeds":1,"minecraft:poisonous_potato":2,"minecraft:oak_fence":1,"minecraft:cobblestone":42,"minecraft:rooted_dirt":1,"minecraft:leather_helmet":1,"minecraft:stick":2,"minecraft:lava_bucket":1,"minecraft:dirt":49,"minecraft:torch":1,"minecraft:wooden_axe":1,"minecraft:melon_slice":2,"minecraft:snowball":493,"minecraft:string":8,"minecraft:white_wool":62,"minecraft:bucket":1,"minecraft:bone":2,"minecraft:gold_ingot":21,"minecraft:stone_axe":1,"minecraft:stone_sword":5,"minecraft:stone_shovel":4,"minecraft:rotten_flesh":481,"minecraft:oak_planks":2,"minecraft:white_bed":1,"minecraft:filled_map":1,"minecraft:oak_fence_gate":1,"minecraft:leather_chestplate":1,"minecraft:cobblestone_slab":14,"minecraft:potato":4,"minecraft:gunpowder":14,"minecraft:leather_boots":1,"minecraft:golden_sword":1,"minecraft:spider_eye":3,"minecraft:birch_sign":1,"minecraft:birch_boat":1,"minecraft:bow":40,"minecraft:stone_pickaxe":3,"minecraft:wooden_pickaxe":1},"minecraft:custom":{"minecraft:mob_kills":2783,"minecraft:interact_with_crafting_table":350,"minecraft:open_barrel":5,"minecraft:leave_game":12,"minecraft:time_since_death":25054,"minecraft:climb_one_cm":129133,"minecraft:sprint_one_cm":702707,"minecraft:walk_one_cm":3699469,"minecraft:drop":189,"minecraft:talked_to_villager":3,"minecraft:play_time":1484394,"minecraft:sneak_time":228547,"minecraft:deaths":35,"minecraft:walk_under_water_one_cm":104247,"minecraft:boat_one_cm":859,"minecraft:jump":7338,"minecraft:walk_on_water_one_cm":41374,"minecraft:total_world_time":1484394,"minecraft:interact_with_furnace":176,"minecraft:sleep_in_bed":35,"minecraft:time_since_rest":25080,"minecraft:damage_taken":16698,"minecraft:damage_dealt":124276,"minecraft:swim_one_cm":326,"minecraft:fly_one_cm":1321966,"minecraft:player_kills":3,"minecraft:open_chest":913,"minecraft:crouch_one_cm":704591,"minecraft:fall_one_cm":93370},"minecraft:crafted":{"minecraft:oak_planks":928,"minecraft:cobblestone_slab":852,"minecraft:stone_shovel":15,"minecraft:golden_chestplate":1,"minecraft:iron_nugget":5,"minecraft:birch_boat":1,"minecraft:furnace":4,"minecraft:mushroom_stew":5,"minecraft:bone_meal":1911,"minecraft:white_carpet":3,"minecraft:oak_trapdoor":88,"minecraft:ladder":57,"minecraft:melon_seeds":1,"minecraft:stone_pickaxe":50,"minecraft:chest":6,"minecraft:stone_hoe":4,"minecraft:oak_fence":15,"minecraft:golden_helmet":2,"minecraft:golden_boots":2,"minecraft:bone_block":183,"minecraft:oak_slab":480,"minecraft:cooked_porkchop":3,"minecraft:crafting_table":5,"minecraft:spruce_planks":12,"minecraft:wooden_pickaxe":1,"minecraft:baked_potato":117,"minecraft:bowl":4,"minecraft:leather_helmet":1,"minecraft:birch_planks":28,"minecraft:stone_axe":20,"minecraft:air":0,"minecraft:oak_fence_gate":1,"minecraft:oak_boat":6,"minecraft:white_wool":22,"minecraft:charcoal":75,"minecraft:golden_apple":2,"minecraft:gold_nugget":41,"minecraft:stick":308,"minecraft:wooden_axe":2,"minecraft:stone_sword":37,"minecraft:snow_block":577,"minecraft:gold_ingot":18,"minecraft:white_bed":3,"minecraft:torch":116},"minecraft:mined":{"minecraft:spruce_planks":5,"minecraft:white_bed":7,"minecraft:oak_sapling":10,"minecraft:ladder":16,"minecraft:grass_block":4,"minecraft:brown_mushroom_block":45,"minecraft:moss_block":1,"minecraft:oxeye_daisy":2,"minecraft:gilded_blackstone":1,"minecraft:oak_trapdoor":15,"minecraft:fire":100,"minecraft:snow":1441,"minecraft:potatoes":68,"minecraft:cobblestone_slab":272,"minecraft:stripped_oak_log":3,"minecraft:birch_wall_sign":1,"minecraft:pink_tulip":2,"minecraft:blue_orchid":1,"minecraft:oak_slab":54,"minecraft:snow_block":72,"minecraft:dandelion":4,"minecraft:powder_snow":13,"minecraft:oak_fence":5,"minecraft:crafting_table":12,"minecraft:torch":19,"minecraft:poppy":4,"minecraft:melon":22,"minecraft:chest":2,"minecraft:dead_bush":1,"minecraft:mushroom_stem":12,"minecraft:tall_grass":15,"minecraft:cobblestone":4476,"minecraft:oak_planks":239,"minecraft:wall_torch":3,"minecraft:birch_sapling":1,"minecraft:spruce_stairs":1,"minecraft:birch_planks":1,"minecraft:warped_nylium":1,"minecraft:birch_log":71,"minecraft:ice":24,"minecraft:spruce_log":4,"minecraft:birch_leaves":22,"minecraft:grass":28,"minecraft:oak_log":759,"minecraft:oak_fence_gate":1,"minecraft:beetroots":17,"minecraft:dirt":33,"minecraft:sand":1,"minecraft:birch_sign":1,"minecraft:red_mushroom_block":45,"minecraft:oak_leaves":435,"minecraft:fern":2}},"DataVersion":3465}