{"stats":{"minecraft:broken":{"minecraft:wooden_pickaxe":1},"minecraft:used":{"minecraft:oak_log":1,"minecraft:water_bucket":1,"minecraft:wooden_axe":13,"minecraft:oxeye_daisy":1,"minecraft:lava_bucket":1,"minecraft:stone_pickaxe":93,"minecraft:poppy":1,"minecraft:wooden_pickaxe":59,"minecraft:melon_seeds":1,"minecraft:cobblestone_slab":199,"minecraft:stone_hoe":2,"minecraft:spyglass":45,"minecraft:dirt":12,"minecraft:crafting_table":2,"minecraft:oak_sapling":3,"minecraft:beetroot_seeds":1,"minecraft:bucket":1},"minecraft:mined":{"minecraft:oak_sapling":2,"minecraft:ice":2,"minecraft:dandelion":1,"minecraft:crafting_table":1,"minecraft:grass":2,"minecraft:grass_block":4,"minecraft:oak_log":6,"minecraft:poppy":1,"minecraft:cobblestone_slab":3,"minecraft:dirt":26,"minecraft:birch_wall_sign":1,"minecraft:pink_tulip":1,"minecraft:cobblestone":147,"minecraft:blue_orchid":1,"minecraft:oxeye_daisy":2,"minecraft:oak_leaves":2,"minecraft:fern":1},"minecraft:custom":{"minecraft:time_since_rest":86409,"minecraft:interact_with_furnace":1,"minecraft:sprint_one_cm":4167,"minecraft:damage_taken":273,"minecraft:walk_one_cm":84510,"minecraft:drop":16,"minecraft:damage_dealt":241,"minecraft:interact_with_crafting_table":26,"minecraft:talked_to_villager":1,"minecraft:fly_one_cm":13534,"minecraft:open_chest":25,"minecraft:crouch_one_cm":42047,"minecraft:play_time":86409,"minecraft:sneak_time":16347,"minecraft:walk_under_water_one_cm":16776,"minecraft:jump":280,"minecraft:leave_game":2,"minecraft:time_since_death":86409,"minecraft:walk_on_water_one_cm":4608,"minecraft:total_world_time":86409,"minecraft:fall_one_cm":836},"minecraft:dropped":{"minecraft:lava_bucket":1,"minecraft:cobblestone_slab":13,"minecraft:wooden_axe":1,"minecraft:cobblestone":7},"minecraft:crafted":{"minecraft:oak_planks":20,"minecraft:cobblestone_slab":210,"minecraft:crafting_table":1,"minecraft:melon_seeds":1,"minecraft:stick":8,"minecraft:wooden_pickaxe":1,"minecraft:stone_pickaxe":1,"minecraft:wooden_axe":2,"minecraft:stone_hoe":1},"minecraft:picked_up":{"minecraft:stick":2,"minecraft:crafting_table":1,"minecraft:dandelion":1,"minecraft:oak_log":6,"minecraft:dirt":28,"minecraft:blue_orchid":1,"minecraft:birch_sign":1,"minecraft:pink_tulip":1,"minecraft:cobblestone_slab":2,"minecraft:poppy":1,"minecraft:oak_sapling":3,"minecraft:cobblestone":152,"minecraft:oxeye_daisy":2}},"DataVersion":3465}