{"stats":{"minecraft:used":{"minecraft:oak_log":1,"minecraft:water_bucket":1,"minecraft:lava_bucket":1,"minecraft:oxeye_daisy":1,"minecraft:poppy":1,"minecraft:wooden_pickaxe":18,"minecraft:cobblestone_slab":6,"minecraft:dirt":9,"minecraft:crafting_table":2,"minecraft:bucket":1},"minecraft:mined":{"minecraft:ice":1,"minecraft:crafting_table":1,"minecraft:grass":1,"minecraft:grass_block":4,"minecraft:oak_log":6,"minecraft:poppy":1,"minecraft:cobblestone_slab":1,"minecraft:dirt":6,"minecraft:birch_wall_sign":1,"minecraft:cobblestone":17,"minecraft:blue_orchid":1,"minecraft:oxeye_daisy":2,"minecraft:oak_leaves":2,"minecraft:fern":1},"minecraft:custom":{"minecraft:time_since_rest":51430,"minecraft:sprint_one_cm":503,"minecraft:damage_taken":85,"minecraft:walk_one_cm":32624,"minecraft:drop":15,"minecraft:damage_dealt":45,"minecraft:interact_with_crafting_table":8,"minecraft:fly_one_cm":1137,"minecraft:open_chest":15,"minecraft:crouch_one_cm":5801,"minecraft:play_time":51430,"minecraft:sneak_time":2832,"minecraft:walk_under_water_one_cm":145,"minecraft:jump":133,"minecraft:leave_game":1,"minecraft:time_since_death":51430,"minecraft:walk_on_water_one_cm":745,"minecraft:total_world_time":51430,"minecraft:fall_one_cm":836},"minecraft:dropped":{"minecraft:lava_bucket":1,"minecraft:cobblestone_slab":13,"minecraft:wooden_axe":1},"minecraft:crafted":{"minecraft:oak_planks":20,"minecraft:cobblestone_slab":18,"minecraft:crafting_table":1,"minecraft:stick":8,"minecraft:wooden_pickaxe":1,"minecraft:wooden_axe":2},"minecraft:picked_up":{"minecraft:crafting_table":1,"minecraft:oak_log":6,"minecraft:dirt":10,"minecraft:blue_orchid":1,"minecraft:birch_sign":1,"minecraft:cobblestone_slab":1,"minecraft:poppy":1,"minecraft:cobblestone":12,"minecraft:oxeye_daisy":2}},"DataVersion":3465}