{"stats":{"minecraft:broken":{"minecraft:stone_sword":4,"minecraft:wooden_pickaxe":1,"minecraft:stone_pickaxe":18,"minecraft:stone_axe":4,"minecraft:wooden_axe":1,"minecraft:stone_shovel":7},"minecraft:killed_by":{"minecraft:player":3,"minecraft:zombified_piglin":3,"minecraft:spider":2,"minecraft:piglin":2,"minecraft:phantom":1},"minecraft:killed":{"minecraft:zombified_piglin":152,"minecraft:spider":17,"minecraft:skeleton":8,"minecraft:piglin":20,"minecraft:hoglin":2,"minecraft:creeper":9,"minecraft:zombie":23,"minecraft:enderman":3},"minecraft:used":{"minecraft:oak_fence":33,"minecraft:oak_trapdoor":4,"minecraft:beetroot":8,"minecraft:stone_sword":874,"minecraft:stone_shovel":1004,"minecraft:ladder":25,"minecraft:poppy":1,"minecraft:chest":4,"minecraft:stone_hoe":154,"minecraft:rotten_flesh":39,"minecraft:torch":18,"minecraft:spyglass":64,"minecraft:dirt":18,"minecraft:white_carpet":5,"minecraft:snowball":91,"minecraft:oak_fence_gate":1,"minecraft:wooden_axe":44,"minecraft:lava_bucket":1,"minecraft:birch_sapling":2,"minecraft:warped_nylium":1,"minecraft:melon_seeds":1,"minecraft:bow":3,"minecraft:oak_sapling":55,"minecraft:furnace":1,"minecraft:beetroot_seeds":19,"minecraft:potato":8,"minecraft:zombified_piglin_spawn_egg":10,"minecraft:water_bucket":21,"minecraft:snow_block":72,"minecraft:baked_potato":8,"minecraft:oak_planks":133,"minecraft:stone_pickaxe":2501,"minecraft:wooden_pickaxe":59,"minecraft:brown_mushroom":2,"minecraft:cobblestone_slab":411,"minecraft:gilded_blackstone":1,"minecraft:oak_slab":362,"minecraft:crafting_table":5,"minecraft:mushroom_stew":5,"minecraft:red_mushroom":1,"minecraft:white_bed":1,"minecraft:oak_log":39,"minecraft:apple":5,"minecraft:oxeye_daisy":1,"minecraft:melon_slice":53,"minecraft:stone_axe":690,"minecraft:cobblestone":863,"minecraft:cooked_porkchop":3,"minecraft:piglin_spawn_egg":2,"minecraft:bucket":20,"minecraft:ice":1,"minecraft:oak_boat":6,"minecraft:dandelion":1,"minecraft:bone_meal":34},"minecraft:mined":{"minecraft:oak_sapling":8,"minecraft:ladder":11,"minecraft:grass_block":4,"minecraft:brown_mushroom_block":45,"minecraft:moss_block":1,"minecraft:oxeye_daisy":2,"minecraft:gilded_blackstone":1,"minecraft:oak_trapdoor":1,"minecraft:fire":55,"minecraft:snow":989,"minecraft:potatoes":5,"minecraft:cobblestone_slab":72,"minecraft:stripped_oak_log":1,"minecraft:birch_wall_sign":1,"minecraft:pink_tulip":1,"minecraft:blue_orchid":1,"minecraft:oak_slab":10,"minecraft:snow_block":10,"minecraft:dandelion":4,"minecraft:oak_fence":3,"minecraft:crafting_table":1,"minecraft:torch":2,"minecraft:poppy":3,"minecraft:melon":13,"minecraft:chest":2,"minecraft:mushroom_stem":12,"minecraft:tall_grass":13,"minecraft:cobblestone":2430,"minecraft:oak_planks":31,"minecraft:birch_sapling":1,"minecraft:warped_nylium":1,"minecraft:birch_log":7,"minecraft:ice":3,"minecraft:birch_leaves":5,"minecraft:grass":24,"minecraft:oak_log":456,"minecraft:beetroots":16,"minecraft:sand":1,"minecraft:dirt":30,"minecraft:birch_sign":1,"minecraft:red_mushroom_block":45,"minecraft:oak_leaves":306,"minecraft:fern":1},"minecraft:custom":{"minecraft:mob_kills":241,"minecraft:interact_with_crafting_table":172,"minecraft:leave_game":10,"minecraft:time_since_death":563,"minecraft:climb_one_cm":50470,"minecraft:sprint_one_cm":236542,"minecraft:walk_one_cm":1481699,"minecraft:drop":79,"minecraft:talked_to_villager":1,"minecraft:play_time":700711,"minecraft:sneak_time":145762,"minecraft:deaths":13,"minecraft:walk_under_water_one_cm":72208,"minecraft:boat_one_cm":523,"minecraft:jump":3526,"minecraft:walk_on_water_one_cm":14708,"minecraft:total_world_time":700711,"minecraft:interact_with_furnace":39,"minecraft:sleep_in_bed":1,"minecraft:time_since_rest":614,"minecraft:damage_taken":6317,"minecraft:damage_dealt":44458,"minecraft:swim_one_cm":326,"minecraft:fly_one_cm":327636,"minecraft:player_kills":1,"minecraft:open_chest":386,"minecraft:crouch_one_cm":385292,"minecraft:fall_one_cm":40579},"minecraft:dropped":{"minecraft:water_bucket":1,"minecraft:moss_block":1,"minecraft:cobblestone":15,"minecraft:rooted_dirt":1,"minecraft:stick":2,"minecraft:lava_bucket":1,"minecraft:dirt":49,"minecraft:wooden_axe":1,"minecraft:melon_slice":2,"minecraft:snowball":436,"minecraft:white_wool":62,"minecraft:bucket":1,"minecraft:gold_ingot":5,"minecraft:stone_sword":1,"minecraft:stone_shovel":4,"minecraft:oak_planks":2,"minecraft:filled_map":1,"minecraft:cobblestone_slab":13,"minecraft:birch_sign":1,"minecraft:spider_eye":1,"minecraft:stone_pickaxe":2},"minecraft:crafted":{"minecraft:oak_planks":436,"minecraft:cobblestone_slab":354,"minecraft:stone_shovel":9,"minecraft:furnace":1,"minecraft:mushroom_stew":5,"minecraft:bone_meal":39,"minecraft:white_carpet":3,"minecraft:oak_trapdoor":4,"minecraft:ladder":15,"minecraft:melon_seeds":1,"minecraft:stone_pickaxe":25,"minecraft:chest":2,"minecraft:stone_hoe":3,"minecraft:oak_fence":15,"minecraft:oak_slab":360,"minecraft:cooked_porkchop":3,"minecraft:crafting_table":3,"minecraft:wooden_pickaxe":1,"minecraft:baked_potato":14,"minecraft:bowl":4,"minecraft:stone_axe":8,"minecraft:air":0,"minecraft:oak_fence_gate":1,"minecraft:oak_boat":3,"minecraft:white_wool":3,"minecraft:charcoal":11,"minecraft:gold_nugget":8,"minecraft:stick":96,"minecraft:wooden_axe":2,"minecraft:stone_sword":11,"minecraft:snow_block":395,"minecraft:gold_ingot":3,"minecraft:white_bed":1,"minecraft:torch":28},"minecraft:picked_up":{"minecraft:charcoal":11,"minecraft:crafting_table":2,"minecraft:splash_potion":3,"minecraft:ladder":19,"minecraft:brown_mushroom":27,"minecraft:gilded_blackstone":1,"minecraft:nether_brick":7,"minecraft:golden_sword":10,"minecraft:string":16,"minecraft:oak_trapdoor":6,"minecraft:white_carpet":3,"minecraft:blue_orchid":1,"minecraft:beetroot":13,"minecraft:gold_nugget":51,"minecraft:oak_boat":7,"minecraft:cobblestone_slab":121,"minecraft:poppy":5,"minecraft:sugar_cane":1,"minecraft:melon_slice":71,"minecraft:chest":2,"minecraft:birch_sapling":7,"minecraft:stick":145,"minecraft:oak_fence":4,"minecraft:torch":17,"minecraft:snow_block":105,"minecraft:fire_charge":1,"minecraft:porkchop":3,"minecraft:stone_sword":11,"minecraft:arrow":18,"minecraft:rotten_flesh":191,"minecraft:stone_shovel":6,"minecraft:beetroot_seeds":59,"minecraft:pink_tulip":1,"minecraft:gold_ingot":18,"minecraft:snowball":2114,"minecraft:cobblestone":2395,"minecraft:oxeye_daisy":2,"minecraft:stripped_oak_log":1,"minecraft:birch_log":7,"minecraft:leather":3,"minecraft:red_mushroom":15,"minecraft:potato":22,"minecraft:filled_map":2,"minecraft:oak_log":707,"minecraft:gunpowder":35,"minecraft:dirt":52,"minecraft:piglin_head":1,"minecraft:bone":35,"minecraft:apple":8,"minecraft:bow":4,"minecraft:wheat_seeds":6,"minecraft:stone_pickaxe":9,"minecraft:moss_block":1,"minecraft:stone_hoe":6,"minecraft:oak_planks":102,"minecraft:oak_slab":53,"minecraft:cooked_porkchop":2,"minecraft:quartz":27,"minecraft:dandelion":6,"minecraft:sand":3,"minecraft:spider_eye":13,"minecraft:stone_axe":8,"minecraft:bone_meal":36,"minecraft:birch_sign":2,"minecraft:oak_sapling":141,"minecraft:warped_nylium":1,"minecraft:netherrack":2,"minecraft:ender_pearl":1}},"DataVersion":3465}