{"stats":{"minecraft:broken":{"minecraft:wooden_pickaxe":1,"minecraft:stone_pickaxe":17,"minecraft:stone_axe":2,"minecraft:wooden_axe":1,"minecraft:stone_shovel":7},"minecraft:killed":{"minecraft:spider":1,"minecraft:skeleton":2,"minecraft:creeper":2,"minecraft:zombie":2,"minecraft:enderman":2},"minecraft:custom":{"minecraft:mob_kills":10,"minecraft:interact_with_crafting_table":122,"minecraft:leave_game":5,"minecraft:time_since_death":2538,"minecraft:sprint_one_cm":92981,"minecraft:walk_one_cm":915596,"minecraft:drop":69,"minecraft:talked_to_villager":1,"minecraft:play_time":473873,"minecraft:deaths":5,"minecraft:sneak_time":105670,"minecraft:walk_under_water_one_cm":72208,"minecraft:boat_one_cm":198,"minecraft:jump":1915,"minecraft:walk_on_water_one_cm":14548,"minecraft:total_world_time":473873,"minecraft:interact_with_furnace":10,"minecraft:time_since_rest":2604,"minecraft:damage_taken":2547,"minecraft:damage_dealt":3479,"minecraft:swim_one_cm":326,"minecraft:fly_one_cm":119515,"minecraft:player_kills":1,"minecraft:open_chest":243,"minecraft:crouch_one_cm":268521,"minecraft:fall_one_cm":14443},"minecraft:picked_up":{"minecraft:charcoal":5,"minecraft:crafting_table":1,"minecraft:brown_mushroom":27,"minecraft:oak_trapdoor":2,"minecraft:blue_orchid":1,"minecraft:beetroot":9,"minecraft:oak_boat":3,"minecraft:cobblestone_slab":83,"minecraft:poppy":1,"minecraft:chest":2,"minecraft:sugar_cane":1,"minecraft:melon_slice":53,"minecraft:birch_sapling":2,"minecraft:stick":137,"minecraft:oak_fence":3,"minecraft:torch":15,"minecraft:snow_block":105,"minecraft:rotten_flesh":3,"minecraft:stone_sword":3,"minecraft:arrow":2,"minecraft:stone_shovel":6,"minecraft:beetroot_seeds":29,"minecraft:pink_tulip":1,"minecraft:snowball":2067,"minecraft:cobblestone":2036,"minecraft:oxeye_daisy":2,"minecraft:stripped_oak_log":1,"minecraft:birch_log":7,"minecraft:red_mushroom":15,"minecraft:filled_map":2,"minecraft:oak_log":536,"minecraft:dirt":49,"minecraft:piglin_head":1,"minecraft:bone":2,"minecraft:apple":7,"minecraft:stone_pickaxe":3,"minecraft:moss_block":1,"minecraft:oak_planks":9,"minecraft:oak_slab":2,"minecraft:dandelion":2,"minecraft:sand":3,"minecraft:spider_eye":1,"minecraft:stone_axe":3,"minecraft:birch_sign":2,"minecraft:oak_sapling":122,"minecraft:warped_nylium":1,"minecraft:netherrack":2},"minecraft:used":{"minecraft:oak_trapdoor":3,"minecraft:beetroot":4,"minecraft:oak_fence":17,"minecraft:stone_sword":111,"minecraft:stone_shovel":1004,"minecraft:poppy":1,"minecraft:chest":4,"minecraft:stone_hoe":122,"minecraft:rotten_flesh":7,"minecraft:torch":14,"minecraft:spyglass":64,"minecraft:dirt":14,"minecraft:snowball":73,"minecraft:oak_fence_gate":1,"minecraft:wooden_axe":44,"minecraft:lava_bucket":1,"minecraft:birch_sapling":1,"minecraft:warped_nylium":1,"minecraft:melon_seeds":1,"minecraft:oak_sapling":52,"minecraft:beetroot_seeds":15,"minecraft:water_bucket":20,"minecraft:snow_block":72,"minecraft:stone_pickaxe":2371,"minecraft:oak_planks":4,"minecraft:wooden_pickaxe":59,"minecraft:brown_mushroom":2,"minecraft:cobblestone_slab":368,"minecraft:oak_slab":66,"minecraft:crafting_table":3,"minecraft:mushroom_stew":5,"minecraft:red_mushroom":1,"minecraft:oak_log":39,"minecraft:apple":5,"minecraft:oxeye_daisy":1,"minecraft:melon_slice":28,"minecraft:stone_axe":472,"minecraft:cobblestone":517,"minecraft:bucket":20,"minecraft:oak_boat":2,"minecraft:dandelion":1,"minecraft:bone_meal":5},"minecraft:mined":{"minecraft:oak_sapling":7,"minecraft:grass_block":4,"minecraft:brown_mushroom_block":45,"minecraft:moss_block":1,"minecraft:oxeye_daisy":2,"minecraft:oak_trapdoor":1,"minecraft:fire":55,"minecraft:snow":989,"minecraft:cobblestone_slab":50,"minecraft:stripped_oak_log":1,"minecraft:birch_wall_sign":1,"minecraft:pink_tulip":1,"minecraft:blue_orchid":1,"minecraft:oak_slab":2,"minecraft:snow_block":10,"minecraft:dandelion":2,"minecraft:oak_fence":3,"minecraft:crafting_table":1,"minecraft:poppy":1,"minecraft:melon":9,"minecraft:chest":2,"minecraft:mushroom_stem":12,"minecraft:cobblestone":2331,"minecraft:oak_planks":4,"minecraft:warped_nylium":1,"minecraft:birch_log":7,"minecraft:ice":2,"minecraft:birch_leaves":5,"minecraft:grass":2,"minecraft:oak_log":436,"minecraft:beetroots":11,"minecraft:sand":1,"minecraft:dirt":27,"minecraft:red_mushroom_block":45,"minecraft:birch_sign":1,"minecraft:oak_leaves":306,"minecraft:fern":1},"minecraft:dropped":{"minecraft:moss_block":1,"minecraft:cobblestone":15,"minecraft:stick":2,"minecraft:lava_bucket":1,"minecraft:wooden_axe":1,"minecraft:melon_slice":2,"minecraft:snowball":436,"minecraft:bucket":1,"minecraft:stone_sword":1,"minecraft:stone_shovel":4,"minecraft:oak_planks":2,"minecraft:filled_map":1,"minecraft:cobblestone_slab":13,"minecraft:birch_sign":1,"minecraft:stone_pickaxe":2},"minecraft:killed_by":{"minecraft:player":3,"minecraft:phantom":1},"minecraft:crafted":{"minecraft:oak_planks":148,"minecraft:cobblestone_slab":342,"minecraft:stone_shovel":9,"minecraft:mushroom_stew":5,"minecraft:bone_meal":6,"minecraft:oak_trapdoor":2,"minecraft:melon_seeds":1,"minecraft:stone_pickaxe":23,"minecraft:chest":2,"minecraft:stone_hoe":2,"minecraft:oak_fence":15,"minecraft:oak_slab":72,"minecraft:crafting_table":2,"minecraft:wooden_pickaxe":1,"minecraft:bowl":4,"minecraft:stone_axe":5,"minecraft:air":0,"minecraft:oak_fence_gate":1,"minecraft:oak_boat":1,"minecraft:charcoal":11,"minecraft:stick":48,"minecraft:wooden_axe":2,"minecraft:stone_sword":2,"minecraft:snow_block":395,"minecraft:torch":24}},"DataVersion":3465}