{"stats":{"minecraft:broken":{"minecraft:stone_sword":12,"minecraft:wooden_pickaxe":1,"minecraft:stone_pickaxe":18,"minecraft:golden_sword":1,"minecraft:stone_axe":5,"minecraft:wooden_axe":1,"minecraft:stone_shovel":7},"minecraft:killed":{"minecraft:zombified_piglin":458,"minecraft:spider":20,"minecraft:skeleton":17,"minecraft:piglin":59,"minecraft:hoglin":2,"minecraft:creeper":15,"minecraft:zombie":30,"minecraft:enderman":5},"minecraft:killed_by":{"minecraft:ghast":1,"minecraft:player":3,"minecraft:zombified_piglin":5,"minecraft:spider":2,"minecraft:piglin":3,"minecraft:skeleton":1,"minecraft:phantom":1,"minecraft:zombie":1},"minecraft:used":{"minecraft:oak_fence":33,"minecraft:oak_trapdoor":9,"minecraft:beetroot":9,"minecraft:stone_sword":2177,"minecraft:stone_shovel":1208,"minecraft:ladder":51,"minecraft:poppy":1,"minecraft:chest":4,"minecraft:stone_hoe":154,"minecraft:rotten_flesh":63,"minecraft:torch":41,"minecraft:spyglass":64,"minecraft:dirt":20,"minecraft:white_carpet":5,"minecraft:snowball":91,"minecraft:oak_fence_gate":1,"minecraft:wooden_axe":44,"minecraft:lava_bucket":1,"minecraft:birch_sapling":2,"minecraft:warped_nylium":1,"minecraft:melon_seeds":1,"minecraft:golden_sword":4,"minecraft:bow":9,"minecraft:oak_sapling":63,"minecraft:furnace":1,"minecraft:beetroot_seeds":19,"minecraft:potato":16,"minecraft:zombified_piglin_spawn_egg":10,"minecraft:golden_boots":1,"minecraft:water_bucket":21,"minecraft:snow_block":138,"minecraft:baked_potato":8,"minecraft:oak_planks":281,"minecraft:stone_pickaxe":2726,"minecraft:ender_pearl":1,"minecraft:wooden_pickaxe":59,"minecraft:brown_mushroom":2,"minecraft:cobblestone_slab":564,"minecraft:gilded_blackstone":1,"minecraft:oak_slab":381,"minecraft:crafting_table":11,"minecraft:mushroom_stew":5,"minecraft:red_mushroom":1,"minecraft:crossbow":19,"minecraft:white_bed":1,"minecraft:oak_log":39,"minecraft:apple":5,"minecraft:oxeye_daisy":1,"minecraft:melon_slice":59,"minecraft:golden_leggings":1,"minecraft:stone_axe":797,"minecraft:cobblestone":1059,"minecraft:cooked_porkchop":3,"minecraft:piglin_spawn_egg":7,"minecraft:bucket":20,"minecraft:ice":1,"minecraft:oak_boat":7,"minecraft:dandelion":1,"minecraft:bone_meal":53,"minecraft:splash_potion":1},"minecraft:mined":{"minecraft:oak_sapling":8,"minecraft:ladder":12,"minecraft:grass_block":4,"minecraft:brown_mushroom_block":45,"minecraft:moss_block":1,"minecraft:oxeye_daisy":2,"minecraft:gilded_blackstone":1,"minecraft:oak_trapdoor":3,"minecraft:fire":100,"minecraft:snow":1193,"minecraft:potatoes":13,"minecraft:cobblestone_slab":92,"minecraft:stripped_oak_log":1,"minecraft:birch_wall_sign":1,"minecraft:pink_tulip":1,"minecraft:blue_orchid":1,"minecraft:oak_slab":20,"minecraft:snow_block":10,"minecraft:dandelion":4,"minecraft:oak_fence":3,"minecraft:crafting_table":6,"minecraft:torch":5,"minecraft:poppy":3,"minecraft:melon":14,"minecraft:chest":2,"minecraft:mushroom_stem":12,"minecraft:tall_grass":14,"minecraft:cobblestone":2632,"minecraft:oak_planks":68,"minecraft:wall_torch":2,"minecraft:birch_sapling":1,"minecraft:warped_nylium":1,"minecraft:birch_log":7,"minecraft:ice":3,"minecraft:birch_leaves":5,"minecraft:grass":26,"minecraft:oak_log":480,"minecraft:beetroots":16,"minecraft:sand":1,"minecraft:dirt":31,"minecraft:birch_sign":1,"minecraft:red_mushroom_block":45,"minecraft:oak_leaves":310,"minecraft:fern":1},"minecraft:custom":{"minecraft:mob_kills":624,"minecraft:interact_with_crafting_table":243,"minecraft:leave_game":11,"minecraft:time_since_death":70536,"minecraft:climb_one_cm":84149,"minecraft:sprint_one_cm":307999,"minecraft:walk_one_cm":1826202,"minecraft:drop":98,"minecraft:talked_to_villager":1,"minecraft:play_time":892593,"minecraft:sneak_time":171273,"minecraft:deaths":20,"minecraft:walk_under_water_one_cm":73772,"minecraft:boat_one_cm":523,"minecraft:jump":4327,"minecraft:walk_on_water_one_cm":15336,"minecraft:total_world_time":892593,"minecraft:interact_with_furnace":85,"minecraft:sleep_in_bed":2,"minecraft:time_since_rest":70570,"minecraft:damage_taken":8813,"minecraft:damage_dealt":98160,"minecraft:swim_one_cm":326,"minecraft:fly_one_cm":446854,"minecraft:player_kills":1,"minecraft:open_chest":480,"minecraft:crouch_one_cm":540172,"minecraft:fall_one_cm":52380},"minecraft:dropped":{"minecraft:water_bucket":1,"minecraft:moss_block":1,"minecraft:wheat_seeds":1,"minecraft:cobblestone":16,"minecraft:rooted_dirt":1,"minecraft:stick":2,"minecraft:lava_bucket":1,"minecraft:dirt":49,"minecraft:wooden_axe":1,"minecraft:melon_slice":2,"minecraft:snowball":436,"minecraft:bucket":1,"minecraft:white_wool":62,"minecraft:gold_ingot":21,"minecraft:stone_sword":1,"minecraft:stone_shovel":4,"minecraft:oak_planks":2,"minecraft:filled_map":1,"minecraft:cobblestone_slab":13,"minecraft:golden_sword":1,"minecraft:birch_sign":1,"minecraft:spider_eye":1,"minecraft:stone_pickaxe":2},"minecraft:crafted":{"minecraft:oak_planks":700,"minecraft:cobblestone_slab":516,"minecraft:stone_shovel":12,"minecraft:furnace":1,"minecraft:mushroom_stew":5,"minecraft:bone_meal":57,"minecraft:white_carpet":3,"minecraft:oak_trapdoor":8,"minecraft:ladder":57,"minecraft:melon_seeds":1,"minecraft:stone_pickaxe":28,"minecraft:chest":2,"minecraft:stone_hoe":3,"minecraft:oak_fence":15,"minecraft:golden_boots":1,"minecraft:oak_slab":372,"minecraft:cooked_porkchop":3,"minecraft:crafting_table":4,"minecraft:wooden_pickaxe":1,"minecraft:baked_potato":14,"minecraft:bowl":4,"minecraft:stone_axe":10,"minecraft:air":0,"minecraft:oak_fence_gate":1,"minecraft:oak_boat":3,"minecraft:white_wool":3,"minecraft:golden_apple":2,"minecraft:charcoal":17,"minecraft:gold_nugget":28,"minecraft:stick":280,"minecraft:wooden_axe":2,"minecraft:stone_sword":23,"minecraft:snow_block":461,"minecraft:gold_ingot":18,"minecraft:white_bed":1,"minecraft:torch":48},"minecraft:picked_up":{"minecraft:charcoal":11,"minecraft:crafting_table":13,"minecraft:splash_potion":7,"minecraft:ladder":22,"minecraft:brown_mushroom":27,"minecraft:gilded_blackstone":1,"minecraft:nether_brick":13,"minecraft:golden_sword":38,"minecraft:string":43,"minecraft:oak_trapdoor":8,"minecraft:white_carpet":6,"minecraft:blackstone":14,"minecraft:blue_orchid":1,"minecraft:beetroot":16,"minecraft:gold_nugget":213,"minecraft:oak_boat":7,"minecraft:cobblestone_slab":141,"minecraft:poppy":7,"minecraft:sugar_cane":1,"minecraft:melon_slice":77,"minecraft:chest":2,"minecraft:birch_sapling":7,"minecraft:stick":155,"minecraft:oak_fence":9,"minecraft:torch":54,"minecraft:snow_block":105,"minecraft:fire_charge":6,"minecraft:porkchop":3,"minecraft:stone_sword":21,"minecraft:arrow":31,"minecraft:rotten_flesh":437,"minecraft:stone_shovel":6,"minecraft:beetroot_seeds":62,"minecraft:pink_tulip":1,"minecraft:gold_ingot":41,"minecraft:snowball":2536,"minecraft:cobblestone":2726,"minecraft:oxeye_daisy":2,"minecraft:stripped_oak_log":1,"minecraft:birch_log":7,"minecraft:leather":19,"minecraft:golden_leggings":2,"minecraft:red_mushroom":15,"minecraft:potato":52,"minecraft:filled_map":2,"minecraft:oak_log":852,"minecraft:golden_boots":3,"minecraft:gunpowder":43,"minecraft:dirt":83,"minecraft:piglin_head":1,"minecraft:bone":45,"minecraft:apple":8,"minecraft:bow":8,"minecraft:wheat_seeds":20,"minecraft:iron_ingot":1,"minecraft:stone_pickaxe":13,"minecraft:moss_block":1,"minecraft:stone_hoe":7,"minecraft:oak_planks":175,"minecraft:soul_sand":27,"minecraft:oak_slab":63,"minecraft:cooked_porkchop":2,"minecraft:quartz":54,"minecraft:dandelion":12,"minecraft:sand":3,"minecraft:crying_obsidian":5,"minecraft:spectral_arrow":78,"minecraft:spider_eye":13,"minecraft:stone_axe":11,"minecraft:crossbow":14,"minecraft:bone_meal":56,"minecraft:birch_sign":2,"minecraft:oak_sapling":292,"minecraft:warped_nylium":1,"minecraft:netherrack":2,"minecraft:ender_pearl":15}},"DataVersion":3465}