{"stats":{"minecraft:dropped":{"minecraft:water_bucket":1,"minecraft:moss_block":1,"minecraft:wheat_seeds":1,"minecraft:poisonous_potato":2,"minecraft:cobblestone":42,"minecraft:rooted_dirt":1,"minecraft:leather_helmet":1,"minecraft:stick":2,"minecraft:lava_bucket":1,"minecraft:dirt":49,"minecraft:torch":1,"minecraft:wooden_axe":1,"minecraft:melon_slice":2,"minecraft:snowball":485,"minecraft:string":8,"minecraft:white_wool":62,"minecraft:bucket":1,"minecraft:gold_ingot":21,"minecraft:stone_axe":1,"minecraft:stone_sword":3,"minecraft:stone_shovel":4,"minecraft:rotten_flesh":101,"minecraft:oak_planks":2,"minecraft:filled_map":1,"minecraft:leather_chestplate":1,"minecraft:cobblestone_slab":14,"minecraft:leather_boots":1,"minecraft:golden_sword":1,"minecraft:spider_eye":1,"minecraft:birch_sign":1,"minecraft:bow":17,"minecraft:stone_pickaxe":3},"minecraft:mined":{"minecraft:spruce_planks":5,"minecraft:oak_sapling":10,"minecraft:ladder":15,"minecraft:grass_block":4,"minecraft:brown_mushroom_block":45,"minecraft:moss_block":1,"minecraft:oxeye_daisy":2,"minecraft:gilded_blackstone":1,"minecraft:oak_trapdoor":15,"minecraft:fire":100,"minecraft:snow":1441,"minecraft:potatoes":53,"minecraft:cobblestone_slab":239,"minecraft:birch_wall_sign":1,"minecraft:stripped_oak_log":1,"minecraft:pink_tulip":2,"minecraft:blue_orchid":1,"minecraft:oak_slab":45,"minecraft:snow_block":72,"minecraft:dandelion":4,"minecraft:powder_snow":13,"minecraft:oak_fence":4,"minecraft:crafting_table":10,"minecraft:torch":15,"minecraft:poppy":4,"minecraft:melon":19,"minecraft:chest":2,"minecraft:dead_bush":1,"minecraft:mushroom_stem":12,"minecraft:tall_grass":15,"minecraft:cobblestone":3997,"minecraft:oak_planks":216,"minecraft:wall_torch":3,"minecraft:birch_sapling":1,"minecraft:spruce_stairs":1,"minecraft:warped_nylium":1,"minecraft:birch_log":38,"minecraft:ice":17,"minecraft:spruce_log":4,"minecraft:birch_leaves":21,"minecraft:grass":28,"minecraft:oak_log":679,"minecraft:beetroots":17,"minecraft:sand":1,"minecraft:dirt":33,"minecraft:birch_sign":1,"minecraft:red_mushroom_block":45,"minecraft:oak_leaves":405,"minecraft:fern":2},"minecraft:broken":{"minecraft:stone_sword":15,"minecraft:wooden_pickaxe":1,"minecraft:stone_pickaxe":29,"minecraft:golden_sword":1,"minecraft:leather_boots":1,"minecraft:stone_axe":7,"minecraft:wooden_axe":1,"minecraft:stone_shovel":9},"minecraft:killed":{"minecraft:witch":6,"minecraft:zombified_piglin":458,"minecraft:spider":20,"minecraft:skeleton":351,"minecraft:piglin":59,"minecraft:zombie_villager":3,"minecraft:hoglin":2,"minecraft:creeper":376,"minecraft:zombie":378,"minecraft:enderman":5},"minecraft:used":{"minecraft:oak_fence":33,"minecraft:oak_trapdoor":81,"minecraft:beetroot":9,"minecraft:flint_and_steel":1,"minecraft:stone_sword":2954,"minecraft:stone_shovel":1523,"minecraft:ladder":73,"minecraft:poppy":1,"minecraft:chest":11,"minecraft:spruce_planks":17,"minecraft:stone_hoe":154,"minecraft:rotten_flesh":73,"minecraft:torch":96,"minecraft:spyglass":64,"minecraft:dirt":37,"minecraft:white_carpet":5,"minecraft:carrot":1,"minecraft:axolotl_bucket":3,"minecraft:snowball":91,"minecraft:obsidian":18,"minecraft:oak_fence_gate":1,"minecraft:wooden_axe":44,"minecraft:lava_bucket":5,"minecraft:grass_block":3,"minecraft:birch_sapling":8,"minecraft:warped_nylium":1,"minecraft:melon_seeds":1,"minecraft:golden_sword":4,"minecraft:bow":9,"minecraft:oak_sapling":91,"minecraft:furnace":3,"minecraft:beetroot_seeds":19,"minecraft:potato":59,"minecraft:zombified_piglin_spawn_egg":10,"minecraft:golden_boots":1,"minecraft:water_bucket":54,"minecraft:snow_block":148,"minecraft:baked_potato":56,"minecraft:oak_planks":311,"minecraft:stone_pickaxe":4271,"minecraft:ender_pearl":6,"minecraft:brown_mushroom":2,"minecraft:wooden_pickaxe":59,"minecraft:cobblestone_slab":952,"minecraft:leather_boots":1,"minecraft:gilded_blackstone":1,"minecraft:oak_slab":389,"minecraft:crafting_table":16,"minecraft:red_mushroom":1,"minecraft:mushroom_stew":5,"minecraft:crossbow":19,"minecraft:white_bed":1,"minecraft:oak_log":57,"minecraft:apple":6,"minecraft:oxeye_daisy":1,"minecraft:melon_slice":66,"minecraft:string":1,"minecraft:golden_leggings":1,"minecraft:stone_axe":1384,"minecraft:cobblestone":2065,"minecraft:cooked_porkchop":3,"minecraft:piglin_spawn_egg":7,"minecraft:bucket":52,"minecraft:ice":1,"minecraft:oak_boat":10,"minecraft:dandelion":1,"minecraft:bone_meal":168,"minecraft:splash_potion":1},"minecraft:crafted":{"minecraft:oak_planks":924,"minecraft:cobblestone_slab":852,"minecraft:stone_shovel":15,"minecraft:golden_chestplate":1,"minecraft:iron_nugget":5,"minecraft:furnace":3,"minecraft:mushroom_stew":5,"minecraft:bone_meal":678,"minecraft:white_carpet":3,"minecraft:oak_trapdoor":88,"minecraft:ladder":57,"minecraft:melon_seeds":1,"minecraft:stone_pickaxe":43,"minecraft:chest":4,"minecraft:stone_hoe":3,"minecraft:oak_fence":15,"minecraft:golden_helmet":2,"minecraft:golden_boots":2,"minecraft:bone_block":56,"minecraft:oak_slab":372,"minecraft:cooked_porkchop":3,"minecraft:crafting_table":5,"minecraft:spruce_planks":12,"minecraft:wooden_pickaxe":1,"minecraft:baked_potato":75,"minecraft:bowl":4,"minecraft:leather_helmet":1,"minecraft:stone_axe":17,"minecraft:air":0,"minecraft:oak_fence_gate":1,"minecraft:oak_boat":4,"minecraft:white_wool":12,"minecraft:charcoal":33,"minecraft:golden_apple":2,"minecraft:gold_nugget":41,"minecraft:stick":280,"minecraft:wooden_axe":2,"minecraft:stone_sword":33,"minecraft:snow_block":577,"minecraft:gold_ingot":18,"minecraft:white_bed":1,"minecraft:torch":80},"minecraft:custom":{"minecraft:mob_kills":1678,"minecraft:interact_with_crafting_table":300,"minecraft:open_barrel":5,"minecraft:leave_game":12,"minecraft:time_since_death":171800,"minecraft:climb_one_cm":129133,"minecraft:sprint_one_cm":545149,"minecraft:walk_one_cm":2844671,"minecraft:drop":139,"minecraft:talked_to_villager":1,"minecraft:play_time":1292789,"minecraft:sneak_time":214078,"minecraft:deaths":22,"minecraft:walk_under_water_one_cm":101960,"minecraft:boat_one_cm":599,"minecraft:jump":6382,"minecraft:walk_on_water_one_cm":39794,"minecraft:total_world_time":1292789,"minecraft:interact_with_furnace":150,"minecraft:sleep_in_bed":11,"minecraft:time_since_rest":130287,"minecraft:damage_taken":11747,"minecraft:damage_dealt":111007,"minecraft:swim_one_cm":326,"minecraft:fly_one_cm":1100366,"minecraft:player_kills":2,"minecraft:open_chest":747,"minecraft:crouch_one_cm":663556,"minecraft:fall_one_cm":83843},"minecraft:picked_up":{"minecraft:charcoal":11,"minecraft:crafting_table":19,"minecraft:chainmail_boots":1,"minecraft:splash_potion":7,"minecraft:ladder":85,"minecraft:leather_leggings":3,"minecraft:brown_mushroom":27,"minecraft:potion":1,"minecraft:gilded_blackstone":1,"minecraft:nether_brick":13,"minecraft:golden_sword":38,"minecraft:oak_trapdoor":20,"minecraft:string":102,"minecraft:white_carpet":8,"minecraft:iron_shovel":1,"minecraft:blackstone":14,"minecraft:blue_orchid":1,"minecraft:beetroot":17,"minecraft:gold_nugget":213,"minecraft:spruce_planks":5,"minecraft:oak_boat":9,"minecraft:cobblestone_slab":214,"minecraft:poppy":8,"minecraft:melon_slice":107,"minecraft:sugar_cane":1,"minecraft:chest":2,"minecraft:birch_sapling":15,"minecraft:golden_helmet":7,"minecraft:stick":239,"minecraft:oak_fence":9,"minecraft:torch":86,"minecraft:spruce_stairs":1,"minecraft:fire_charge":6,"minecraft:snow_block":153,"minecraft:porkchop":3,"minecraft:carrot":4,"minecraft:redstone":2,"minecraft:golden_chestplate":4,"minecraft:stone_sword":24,"minecraft:arrow":521,"minecraft:stone_shovel":9,"minecraft:rotten_flesh":876,"minecraft:beetroot_seeds":63,"minecraft:pink_tulip":2,"minecraft:gold_ingot":41,"minecraft:snowball":2936,"minecraft:cobblestone":3888,"minecraft:oxeye_daisy":2,"minecraft:stripped_oak_log":1,"minecraft:birch_log":38,"minecraft:leather_chestplate":1,"minecraft:water_bucket":2,"minecraft:ice":1,"minecraft:leather":19,"minecraft:golden_leggings":9,"minecraft:music_disc_stal":1,"minecraft:red_mushroom":15,"minecraft:potato":209,"minecraft:filled_map":3,"minecraft:oak_log":1048,"minecraft:chainmail_chestplate":3,"minecraft:golden_boots":7,"minecraft:gunpowder":481,"minecraft:dirt":85,"minecraft:piglin_head":1,"minecraft:leather_boots":7,"minecraft:bone":464,"minecraft:apple":17,"minecraft:bow":38,"minecraft:wheat_seeds":21,"minecraft:iron_ingot":3,"minecraft:stone_pickaxe":16,"minecraft:glowstone_dust":2,"minecraft:glass_bottle":2,"minecraft:moss_block":1,"minecraft:stone_hoe":7,"minecraft:oak_planks":396,"minecraft:soul_sand":27,"minecraft:oak_slab":89,"minecraft:cooked_porkchop":2,"minecraft:lava_bucket":1,"minecraft:quartz":54,"minecraft:dandelion":12,"minecraft:poisonous_potato":2,"minecraft:sand":3,"minecraft:spruce_log":3,"minecraft:crying_obsidian":5,"minecraft:spectral_arrow":78,"minecraft:spider_eye":14,"minecraft:leather_helmet":2,"minecraft:pumpkin_seeds":2,"minecraft:sugar":4,"minecraft:stone_axe":13,"minecraft:chainmail_leggings":2,"minecraft:crossbow":14,"minecraft:bone_meal":100,"minecraft:birch_sign":3,"minecraft:chainmail_helmet":1,"minecraft:melon_seeds":2,"minecraft:baked_potato":16,"minecraft:oak_sapling":350,"minecraft:netherrack":2,"minecraft:warped_nylium":1,"minecraft:ender_pearl":15},"minecraft:killed_by":{"minecraft:ghast":1,"minecraft:player":3,"minecraft:zombified_piglin":5,"minecraft:spider":2,"minecraft:piglin":3,"minecraft:skeleton":1,"minecraft:phantom":1,"minecraft:witch":2,"minecraft:zombie":1}},"DataVersion":3465}