{"stats":{"minecraft:custom":{"minecraft:interact_with_crafting_table":383,"minecraft:open_barrel":5,"minecraft:leave_game":13,"minecraft:time_since_death":88182,"minecraft:sprint_one_cm":825498,"minecraft:drop":387,"minecraft:talked_to_villager":3,"minecraft:play_time":1622537,"minecraft:deaths":38,"minecraft:jump":8252,"minecraft:walk_on_water_one_cm":43102,"minecraft:interact_with_furnace":199,"minecraft:sleep_in_bed":38,"minecraft:damage_dealt":129770,"minecraft:player_kills":3,"minecraft:crouch_one_cm":722164,"minecraft:mob_kills":3467,"minecraft:climb_one_cm":129133,"minecraft:walk_one_cm":4131372,"minecraft:sneak_time":235679,"minecraft:walk_under_water_one_cm":104247,"minecraft:boat_one_cm":2354,"minecraft:total_world_time":1622537,"minecraft:time_since_rest":1864,"minecraft:damage_taken":17617,"minecraft:swim_one_cm":326,"minecraft:fly_one_cm":1513847,"minecraft:open_chest":1101,"minecraft:fall_one_cm":112976},"minecraft:dropped":{"minecraft:iron_sword":1,"minecraft:moss_block":1,"minecraft:baked_potato":14,"minecraft:rooted_dirt":1,"minecraft:leather_helmet":2,"minecraft:dirt":49,"minecraft:snowball":493,"minecraft:sugar":2,"minecraft:white_wool":78,"minecraft:gold_ingot":21,"minecraft:bone":2,"minecraft:stone_axe":2,"minecraft:rotten_flesh":738,"minecraft:oak_planks":2,"minecraft:white_bed":1,"minecraft:carrot":25,"minecraft:oak_fence_gate":1,"minecraft:leather_chestplate":2,"minecraft:gunpowder":152,"minecraft:leather_boots":1,"minecraft:ladder":1,"minecraft:iron_ingot":6,"minecraft:water_bucket":1,"minecraft:wheat_seeds":1,"minecraft:poisonous_potato":2,"minecraft:oak_fence":1,"minecraft:cobblestone":42,"minecraft:stick":2,"minecraft:lava_bucket":1,"minecraft:torch":1,"minecraft:wooden_axe":1,"minecraft:melon_slice":2,"minecraft:string":8,"minecraft:bucket":1,"minecraft:stone_sword":7,"minecraft:stone_shovel":4,"minecraft:filled_map":1,"minecraft:potato":138,"minecraft:cobblestone_slab":14,"minecraft:golden_sword":1,"minecraft:birch_sign":1,"minecraft:spider_eye":4,"minecraft:birch_boat":1,"minecraft:bow":57,"minecraft:stone_pickaxe":4,"minecraft:wooden_pickaxe":1},"minecraft:killed":{"minecraft:zombified_piglin":458,"minecraft:witch":15,"minecraft:spider":22,"minecraft:skeleton":1005,"minecraft:piglin":59,"minecraft:zombie_villager":12,"minecraft:creeper":958,"minecraft:zombie":906,"minecraft:hoglin":2,"minecraft:villager":1,"minecraft:enderman":5},"minecraft:mined":{"minecraft:spruce_planks":5,"minecraft:white_bed":8,"minecraft:oak_sapling":11,"minecraft:farmland":2,"minecraft:grass_block":4,"minecraft:oxeye_daisy":2,"minecraft:gilded_blackstone":1,"minecraft:fire":100,"minecraft:birch_wall_sign":1,"minecraft:pink_tulip":2,"minecraft:blue_orchid":1,"minecraft:powder_snow":13,"minecraft:torch":19,"minecraft:poppy":4,"minecraft:melon":31,"minecraft:chest":2,"minecraft:dead_bush":1,"minecraft:mushroom_stem":12,"minecraft:cobblestone":5038,"minecraft:oak_planks":241,"minecraft:wall_torch":3,"minecraft:birch_sapling":1,"minecraft:warped_nylium":1,"minecraft:birch_log":71,"minecraft:grass":28,"minecraft:oak_log":912,"minecraft:beetroots":17,"minecraft:oak_fence_gate":1,"minecraft:sand":1,"minecraft:dirt":33,"minecraft:red_mushroom_block":45,"minecraft:oak_leaves":513,"minecraft:ladder":16,"minecraft:brown_mushroom_block":45,"minecraft:moss_block":1,"minecraft:oak_trapdoor":15,"minecraft:carrots":18,"minecraft:snow":1441,"minecraft:potatoes":117,"minecraft:cobblestone_slab":279,"minecraft:stripped_oak_log":4,"minecraft:oak_slab":54,"minecraft:snow_block":72,"minecraft:dandelion":4,"minecraft:oak_fence":5,"minecraft:crafting_table":12,"minecraft:tall_grass":15,"minecraft:spruce_stairs":1,"minecraft:birch_planks":1,"minecraft:ice":24,"minecraft:spruce_log":4,"minecraft:birch_leaves":22,"minecraft:birch_sign":1,"minecraft:fern":2},"minecraft:used":{"minecraft:beetroot":9,"minecraft:poppy":1,"minecraft:ladder":73,"minecraft:chest":15,"minecraft:iron_sword":10,"minecraft:rotten_flesh":74,"minecraft:carrot":27,"minecraft:axolotl_bucket":4,"minecraft:snowball":91,"minecraft:obsidian":18,"minecraft:lava_bucket":5,"minecraft:grass_block":3,"minecraft:birch_sapling":11,"minecraft:warped_nylium":1,"minecraft:golden_sword":4,"minecraft:bow":43,"minecraft:furnace":4,"minecraft:oak_sapling":135,"minecraft:beetroot_seeds":19,"minecraft:potato":127,"minecraft:golden_boots":1,"minecraft:stone_pickaxe":5424,"minecraft:oak_planks":358,"minecraft:ender_pearl":6,"minecraft:leather_chestplate":1,"minecraft:wooden_pickaxe":61,"minecraft:composter":2,"minecraft:mushroom_stew":5,"minecraft:crossbow":19,"minecraft:melon_slice":73,"minecraft:string":1,"minecraft:birch_log":17,"minecraft:piglin_spawn_egg":7,"minecraft:ice":1,"minecraft:oak_boat":17,"minecraft:bone_meal":512,"minecraft:oak_trapdoor":81,"minecraft:oak_fence":33,"minecraft:stone_sword":3871,"minecraft:flint_and_steel":1,"minecraft:stone_shovel":1523,"minecraft:spruce_planks":17,"minecraft:stone_hoe":162,"minecraft:torch":111,"minecraft:dirt":41,"minecraft:spyglass":67,"minecraft:white_carpet":5,"minecraft:oak_fence_gate":1,"minecraft:wooden_axe":44,"minecraft:melon_seeds":2,"minecraft:zombified_piglin_spawn_egg":10,"minecraft:water_bucket":71,"minecraft:snow_block":148,"minecraft:birch_planks":1,"minecraft:baked_potato":90,"minecraft:birch_boat":1,"minecraft:brown_mushroom":2,"minecraft:cobblestone_slab":958,"minecraft:leather_boots":3,"minecraft:gilded_blackstone":1,"minecraft:oak_slab":426,"minecraft:crafting_table":17,"minecraft:red_mushroom":1,"minecraft:white_bed":28,"minecraft:oak_log":72,"minecraft:apple":6,"minecraft:oxeye_daisy":1,"minecraft:leather_helmet":1,"minecraft:golden_leggings":1,"minecraft:stone_axe":1907,"minecraft:cobblestone":2553,"minecraft:cooked_porkchop":3,"minecraft:bucket":70,"minecraft:stripped_oak_log":1,"minecraft:dandelion":1,"minecraft:splash_potion":1},"minecraft:broken":{"minecraft:golden_helmet":1,"minecraft:golden_boots":1,"minecraft:leather_leggings":1,"minecraft:golden_leggings":1,"minecraft:stone_pickaxe":34,"minecraft:golden_sword":1,"minecraft:stone_axe":10,"minecraft:wooden_axe":1,"minecraft:bow":1,"minecraft:stone_shovel":9,"minecraft:stone_sword":18,"minecraft:leather_chestplate":2,"minecraft:wooden_pickaxe":1,"minecraft:leather_boots":2},"minecraft:crafted":{"minecraft:oak_planks":940,"minecraft:cobblestone_slab":864,"minecraft:birch_boat":1,"minecraft:melon_seeds":1,"minecraft:chest":8,"minecraft:stone_hoe":4,"minecraft:oak_fence":15,"minecraft:golden_boots":2,"minecraft:oak_slab":480,"minecraft:cooked_porkchop":3,"minecraft:crafting_table":5,"minecraft:spruce_planks":12,"minecraft:wooden_pickaxe":1,"minecraft:baked_potato":117,"minecraft:birch_planks":28,"minecraft:golden_leggings":1,"minecraft:charcoal":75,"minecraft:stick":308,"minecraft:stone_sword":40,"minecraft:snow_block":577,"minecraft:gold_ingot":19,"minecraft:composter":2,"minecraft:stone_shovel":15,"minecraft:leather_boots":1,"minecraft:golden_chestplate":1,"minecraft:iron_nugget":7,"minecraft:furnace":4,"minecraft:mushroom_stew":5,"minecraft:bone_meal":2466,"minecraft:white_carpet":3,"minecraft:oak_trapdoor":88,"minecraft:ladder":57,"minecraft:stone_pickaxe":56,"minecraft:golden_helmet":2,"minecraft:bone_block":214,"minecraft:iron_sword":1,"minecraft:bowl":4,"minecraft:leather_helmet":1,"minecraft:stone_axe":23,"minecraft:air":0,"minecraft:oak_boat":6,"minecraft:oak_fence_gate":1,"minecraft:white_wool":39,"minecraft:golden_apple":2,"minecraft:gold_nugget":43,"minecraft:wooden_axe":2,"minecraft:white_bed":9,"minecraft:torch":116},"minecraft:killed_by":{"minecraft:ghast":1,"minecraft:zombie_villager":1,"minecraft:zombified_piglin":5,"minecraft:creeper":2,"minecraft:piglin":3,"minecraft:witch":11,"minecraft:zombie":1,"minecraft:player":3,"minecraft:spider":3,"minecraft:skeleton":3,"minecraft:phantom":1},"minecraft:picked_up":{"minecraft:chainmail_boots":3,"minecraft:nether_brick":13,"minecraft:potion":2,"minecraft:gilded_blackstone":1,"minecraft:golden_sword":38,"minecraft:string":270,"minecraft:beetroot":17,"minecraft:gold_nugget":225,"minecraft:spruce_planks":5,"minecraft:cobblestone_slab":294,"minecraft:melon_slice":185,"minecraft:golden_helmet":9,"minecraft:stick":396,"minecraft:oak_fence":10,"minecraft:torch":149,"minecraft:spruce_stairs":1,"minecraft:snow_block":172,"minecraft:porkchop":3,"minecraft:golden_chestplate":6,"minecraft:stone_sword":36,"minecraft:rotten_flesh":1972,"minecraft:music_disc_wait":1,"minecraft:snowball":2944,"minecraft:cobblestone":4732,"minecraft:birch_log":101,"minecraft:leather_chestplate":7,"minecraft:water_bucket":5,"minecraft:golden_leggings":11,"minecraft:potato":469,"minecraft:dirt":89,"minecraft:leather_boots":13,"minecraft:bone":1513,"minecraft:bow":95,"minecraft:wheat_seeds":21,"minecraft:glowstone_dust":4,"minecraft:moss_block":1,"minecraft:stone_hoe":7,"minecraft:oak_planks":747,"minecraft:cooked_porkchop":2,"minecraft:poisonous_potato":2,"minecraft:sand":3,"minecraft:grass_block":2,"minecraft:spectral_arrow":78,"minecraft:sugar":12,"minecraft:crossbow":14,"minecraft:bone_meal":169,"minecraft:golden_apple":2,"minecraft:chainmail_helmet":3,"minecraft:oak_sapling":427,"minecraft:netherrack":2,"minecraft:charcoal":11,"minecraft:crafting_table":22,"minecraft:splash_potion":7,"minecraft:ladder":86,"minecraft:leather_leggings":5,"minecraft:brown_mushroom":27,"minecraft:wooden_pickaxe":2,"minecraft:oak_trapdoor":40,"minecraft:white_carpet":8,"minecraft:iron_shovel":2,"minecraft:blackstone":14,"minecraft:blue_orchid":1,"minecraft:oak_boat":19,"minecraft:iron_nugget":6,"minecraft:poppy":11,"minecraft:sugar_cane":1,"minecraft:chest":2,"minecraft:birch_sapling":27,"minecraft:fire_charge":6,"minecraft:carrot":77,"minecraft:redstone":3,"minecraft:arrow":1945,"minecraft:stone_shovel":9,"minecraft:beetroot_seeds":63,"minecraft:pink_tulip":2,"minecraft:gold_ingot":41,"minecraft:white_wool":32,"minecraft:bone_block":146,"minecraft:oxeye_daisy":2,"minecraft:stripped_oak_log":4,"minecraft:leather":19,"minecraft:music_disc_stal":1,"minecraft:red_mushroom":15,"minecraft:filled_map":3,"minecraft:birch_planks":1,"minecraft:ice":2,"minecraft:oak_log":1279,"minecraft:chainmail_chestplate":4,"minecraft:golden_boots":12,"minecraft:gunpowder":2450,"minecraft:piglin_head":1,"minecraft:apple":20,"minecraft:oak_fence_gate":1,"minecraft:iron_ingot":20,"minecraft:stone_pickaxe":26,"minecraft:glass_bottle":4,"minecraft:iron_sword":5,"minecraft:soul_sand":27,"minecraft:oak_slab":124,"minecraft:birch_boat":2,"minecraft:quartz":54,"minecraft:dandelion":12,"minecraft:lava_bucket":1,"minecraft:white_bed":26,"minecraft:spruce_log":3,"minecraft:crying_obsidian":5,"minecraft:spider_eye":18,"minecraft:leather_helmet":6,"minecraft:pumpkin_seeds":2,"minecraft:stone_axe":19,"minecraft:chainmail_leggings":3,"minecraft:birch_sign":3,"minecraft:baked_potato":128,"minecraft:melon_seeds":2,"minecraft:warped_nylium":1,"minecraft:ender_pearl":15}},"DataVersion":3465}