{"stats":{"minecraft:broken":{"minecraft:leather_leggings":1,"minecraft:golden_leggings":1,"minecraft:stone_pickaxe":31,"minecraft:golden_sword":1,"minecraft:stone_axe":9,"minecraft:wooden_axe":1,"minecraft:bow":1,"minecraft:stone_shovel":9,"minecraft:stone_sword":18,"minecraft:leather_chestplate":1,"minecraft:wooden_pickaxe":1,"minecraft:leather_boots":2},"minecraft:picked_up":{"minecraft:chainmail_boots":2,"minecraft:nether_brick":13,"minecraft:potion":1,"minecraft:gilded_blackstone":1,"minecraft:golden_sword":38,"minecraft:string":197,"minecraft:beetroot":17,"minecraft:gold_nugget":213,"minecraft:spruce_planks":5,"minecraft:cobblestone_slab":294,"minecraft:melon_slice":122,"minecraft:golden_helmet":7,"minecraft:stick":327,"minecraft:oak_fence":10,"minecraft:torch":101,"minecraft:spruce_stairs":1,"minecraft:snow_block":153,"minecraft:porkchop":3,"minecraft:golden_chestplate":4,"minecraft:stone_sword":33,"minecraft:rotten_flesh":1480,"minecraft:music_disc_wait":1,"minecraft:snowball":2944,"minecraft:cobblestone":4262,"minecraft:birch_log":86,"minecraft:leather_chestplate":3,"minecraft:water_bucket":2,"minecraft:golden_leggings":9,"minecraft:potato":268,"minecraft:dirt":87,"minecraft:leather_boots":11,"minecraft:bone":1072,"minecraft:bow":68,"minecraft:wheat_seeds":21,"minecraft:glowstone_dust":4,"minecraft:moss_block":1,"minecraft:stone_hoe":7,"minecraft:oak_planks":737,"minecraft:cooked_porkchop":2,"minecraft:poisonous_potato":2,"minecraft:sand":3,"minecraft:grass_block":2,"minecraft:spectral_arrow":78,"minecraft:sugar":8,"minecraft:crossbow":14,"minecraft:bone_meal":158,"minecraft:golden_apple":1,"minecraft:chainmail_helmet":2,"minecraft:oak_sapling":394,"minecraft:netherrack":2,"minecraft:charcoal":11,"minecraft:crafting_table":22,"minecraft:splash_potion":7,"minecraft:ladder":86,"minecraft:leather_leggings":3,"minecraft:brown_mushroom":27,"minecraft:wooden_pickaxe":2,"minecraft:oak_trapdoor":20,"minecraft:white_carpet":8,"minecraft:iron_shovel":2,"minecraft:blackstone":14,"minecraft:blue_orchid":1,"minecraft:oak_boat":14,"minecraft:poppy":10,"minecraft:sugar_cane":1,"minecraft:chest":2,"minecraft:birch_sapling":27,"minecraft:fire_charge":6,"minecraft:carrot":4,"minecraft:redstone":3,"minecraft:arrow":1217,"minecraft:stone_shovel":9,"minecraft:beetroot_seeds":63,"minecraft:pink_tulip":2,"minecraft:gold_ingot":41,"minecraft:oxeye_daisy":2,"minecraft:stripped_oak_log":3,"minecraft:leather":19,"minecraft:music_disc_stal":1,"minecraft:red_mushroom":15,"minecraft:filled_map":3,"minecraft:birch_planks":1,"minecraft:ice":2,"minecraft:oak_log":1126,"minecraft:chainmail_chestplate":3,"minecraft:golden_boots":8,"minecraft:gunpowder":1302,"minecraft:piglin_head":1,"minecraft:apple":17,"minecraft:oak_fence_gate":1,"minecraft:iron_ingot":6,"minecraft:stone_pickaxe":19,"minecraft:glass_bottle":2,"minecraft:iron_sword":2,"minecraft:soul_sand":27,"minecraft:oak_slab":106,"minecraft:birch_boat":2,"minecraft:quartz":54,"minecraft:dandelion":12,"minecraft:lava_bucket":1,"minecraft:white_bed":21,"minecraft:spruce_log":3,"minecraft:crying_obsidian":5,"minecraft:spider_eye":17,"minecraft:leather_helmet":3,"minecraft:pumpkin_seeds":2,"minecraft:stone_axe":16,"minecraft:chainmail_leggings":2,"minecraft:birch_sign":3,"minecraft:baked_potato":83,"minecraft:melon_seeds":2,"minecraft:warped_nylium":1,"minecraft:ender_pearl":15},"minecraft:used":{"minecraft:beetroot":9,"minecraft:poppy":1,"minecraft:ladder":73,"minecraft:chest":13,"minecraft:iron_sword":5,"minecraft:rotten_flesh":74,"minecraft:carrot":1,"minecraft:axolotl_bucket":4,"minecraft:snowball":91,"minecraft:obsidian":18,"minecraft:lava_bucket":5,"minecraft:grass_block":3,"minecraft:birch_sapling":11,"minecraft:warped_nylium":1,"minecraft:golden_sword":4,"minecraft:bow":43,"minecraft:furnace":4,"minecraft:oak_sapling":106,"minecraft:beetroot_seeds":19,"minecraft:potato":76,"minecraft:golden_boots":1,"minecraft:stone_pickaxe":4842,"minecraft:oak_planks":353,"minecraft:ender_pearl":6,"minecraft:leather_chestplate":1,"minecraft:wooden_pickaxe":61,"minecraft:mushroom_stew":5,"minecraft:crossbow":19,"minecraft:melon_slice":73,"minecraft:string":1,"minecraft:birch_log":17,"minecraft:piglin_spawn_egg":7,"minecraft:ice":1,"minecraft:oak_boat":14,"minecraft:bone_meal":256,"minecraft:oak_trapdoor":81,"minecraft:oak_fence":33,"minecraft:stone_sword":3607,"minecraft:flint_and_steel":1,"minecraft:stone_shovel":1523,"minecraft:spruce_planks":17,"minecraft:stone_hoe":156,"minecraft:torch":110,"minecraft:dirt":37,"minecraft:spyglass":67,"minecraft:white_carpet":5,"minecraft:oak_fence_gate":1,"minecraft:wooden_axe":44,"minecraft:melon_seeds":2,"minecraft:zombified_piglin_spawn_egg":10,"minecraft:water_bucket":67,"minecraft:snow_block":148,"minecraft:birch_planks":1,"minecraft:baked_potato":87,"minecraft:birch_boat":1,"minecraft:brown_mushroom":2,"minecraft:cobblestone_slab":954,"minecraft:leather_boots":2,"minecraft:gilded_blackstone":1,"minecraft:oak_slab":426,"minecraft:crafting_table":17,"minecraft:red_mushroom":1,"minecraft:white_bed":23,"minecraft:oak_log":57,"minecraft:apple":6,"minecraft:oxeye_daisy":1,"minecraft:golden_leggings":1,"minecraft:stone_axe":1689,"minecraft:cobblestone":2356,"minecraft:cooked_porkchop":3,"minecraft:bucket":66,"minecraft:stripped_oak_log":1,"minecraft:dandelion":1,"minecraft:splash_potion":1},"minecraft:killed_by":{"minecraft:ghast":1,"minecraft:zombie_villager":1,"minecraft:zombified_piglin":5,"minecraft:piglin":3,"minecraft:witch":11,"minecraft:zombie":1,"minecraft:player":3,"minecraft:spider":3,"minecraft:skeleton":2,"minecraft:phantom":1},"minecraft:killed":{"minecraft:zombified_piglin":458,"minecraft:witch":12,"minecraft:spider":21,"minecraft:skeleton":787,"minecraft:piglin":59,"minecraft:zombie_villager":7,"minecraft:creeper":809,"minecraft:zombie":750,"minecraft:hoglin":2,"minecraft:enderman":5},"minecraft:dropped":{"minecraft:moss_block":1,"minecraft:rooted_dirt":1,"minecraft:leather_helmet":1,"minecraft:dirt":49,"minecraft:snowball":493,"minecraft:white_wool":62,"minecraft:gold_ingot":21,"minecraft:bone":2,"minecraft:stone_axe":1,"minecraft:rotten_flesh":490,"minecraft:oak_planks":2,"minecraft:white_bed":1,"minecraft:oak_fence_gate":1,"minecraft:leather_chestplate":1,"minecraft:gunpowder":14,"minecraft:leather_boots":1,"minecraft:water_bucket":1,"minecraft:wheat_seeds":1,"minecraft:poisonous_potato":2,"minecraft:oak_fence":1,"minecraft:cobblestone":42,"minecraft:stick":2,"minecraft:lava_bucket":1,"minecraft:torch":1,"minecraft:wooden_axe":1,"minecraft:melon_slice":2,"minecraft:string":8,"minecraft:bucket":1,"minecraft:stone_sword":5,"minecraft:stone_shovel":4,"minecraft:filled_map":1,"minecraft:potato":17,"minecraft:cobblestone_slab":14,"minecraft:golden_sword":1,"minecraft:birch_sign":1,"minecraft:spider_eye":3,"minecraft:birch_boat":1,"minecraft:bow":41,"minecraft:stone_pickaxe":3,"minecraft:wooden_pickaxe":1},"minecraft:custom":{"minecraft:interact_with_crafting_table":356,"minecraft:open_barrel":5,"minecraft:leave_game":12,"minecraft:time_since_death":49054,"minecraft:sprint_one_cm":726162,"minecraft:drop":204,"minecraft:talked_to_villager":3,"minecraft:play_time":1508394,"minecraft:deaths":35,"minecraft:jump":7552,"minecraft:walk_on_water_one_cm":41374,"minecraft:interact_with_furnace":179,"minecraft:sleep_in_bed":35,"minecraft:damage_dealt":125350,"minecraft:player_kills":3,"minecraft:crouch_one_cm":705075,"minecraft:mob_kills":2933,"minecraft:climb_one_cm":129133,"minecraft:walk_one_cm":3777188,"minecraft:sneak_time":228701,"minecraft:walk_under_water_one_cm":104247,"minecraft:boat_one_cm":2187,"minecraft:total_world_time":1508394,"minecraft:time_since_rest":49080,"minecraft:damage_taken":16698,"minecraft:swim_one_cm":326,"minecraft:fly_one_cm":1372022,"minecraft:open_chest":935,"minecraft:fall_one_cm":99510},"minecraft:crafted":{"minecraft:oak_planks":928,"minecraft:cobblestone_slab":852,"minecraft:birch_boat":1,"minecraft:melon_seeds":1,"minecraft:chest":6,"minecraft:stone_hoe":4,"minecraft:oak_fence":15,"minecraft:golden_boots":2,"minecraft:oak_slab":480,"minecraft:cooked_porkchop":3,"minecraft:crafting_table":5,"minecraft:spruce_planks":12,"minecraft:wooden_pickaxe":1,"minecraft:baked_potato":117,"minecraft:birch_planks":28,"minecraft:charcoal":75,"minecraft:stick":308,"minecraft:stone_sword":38,"minecraft:snow_block":577,"minecraft:gold_ingot":18,"minecraft:stone_shovel":15,"minecraft:golden_chestplate":1,"minecraft:iron_nugget":5,"minecraft:furnace":4,"minecraft:mushroom_stew":5,"minecraft:bone_meal":1911,"minecraft:white_carpet":3,"minecraft:oak_trapdoor":88,"minecraft:ladder":57,"minecraft:stone_pickaxe":50,"minecraft:golden_helmet":2,"minecraft:bone_block":183,"minecraft:iron_sword":1,"minecraft:bowl":4,"minecraft:leather_helmet":1,"minecraft:stone_axe":20,"minecraft:air":0,"minecraft:oak_boat":6,"minecraft:oak_fence_gate":1,"minecraft:white_wool":35,"minecraft:golden_apple":2,"minecraft:gold_nugget":41,"minecraft:wooden_axe":2,"minecraft:white_bed":5,"minecraft:torch":116},"minecraft:mined":{"minecraft:spruce_planks":5,"minecraft:white_bed":8,"minecraft:oak_sapling":10,"minecraft:grass_block":4,"minecraft:oxeye_daisy":2,"minecraft:gilded_blackstone":1,"minecraft:fire":100,"minecraft:birch_wall_sign":1,"minecraft:pink_tulip":2,"minecraft:blue_orchid":1,"minecraft:powder_snow":13,"minecraft:torch":19,"minecraft:poppy":4,"minecraft:melon":22,"minecraft:chest":2,"minecraft:dead_bush":1,"minecraft:mushroom_stem":12,"minecraft:cobblestone":4477,"minecraft:oak_planks":239,"minecraft:wall_torch":3,"minecraft:birch_sapling":1,"minecraft:warped_nylium":1,"minecraft:birch_log":71,"minecraft:grass":28,"minecraft:oak_log":759,"minecraft:beetroots":17,"minecraft:oak_fence_gate":1,"minecraft:sand":1,"minecraft:dirt":33,"minecraft:red_mushroom_block":45,"minecraft:oak_leaves":435,"minecraft:ladder":16,"minecraft:brown_mushroom_block":45,"minecraft:moss_block":1,"minecraft:oak_trapdoor":15,"minecraft:snow":1441,"minecraft:potatoes":68,"minecraft:cobblestone_slab":272,"minecraft:stripped_oak_log":3,"minecraft:oak_slab":54,"minecraft:snow_block":72,"minecraft:dandelion":4,"minecraft:oak_fence":5,"minecraft:crafting_table":12,"minecraft:tall_grass":15,"minecraft:spruce_stairs":1,"minecraft:birch_planks":1,"minecraft:ice":24,"minecraft:spruce_log":4,"minecraft:birch_leaves":22,"minecraft:birch_sign":1,"minecraft:fern":2}},"DataVersion":3465}