{
  "minecraft:recipes/decorations/crafting_table": {
    "criteria": {
      "unlock_right_away": "2024-11-18 00:06:58 +0000"
    },
    "done": true
  },
  "minecraft:adventure/adventuring_time": {
    "criteria": {
      "minecraft:mushroom_fields": "2024-11-18 00:07:12 +0000",
      "minecraft:deep_ocean": "2024-11-18 00:07:16 +0000",
      "minecraft:cherry_grove": "2024-11-18 00:07:21 +0000",
      "minecraft:dripstone_caves": "2024-11-18 00:08:01 +0000",
      "minecraft:snowy_taiga": "2024-11-18 00:06:58 +0000",
      "minecraft:swamp": "2024-11-18 00:08:16 +0000",
      "minecraft:desert": "2024-11-18 00:08:25 +0000",
      "minecraft:jungle": "2024-11-18 00:08:21 +0000",
      "minecraft:ocean": "2024-11-18 00:07:55 +0000",
      "minecraft:deep_dark": "2024-11-18 00:08:10 +0000",
      "minecraft:meadow": "2024-11-18 00:08:05 +0000",
      "minecraft:plains": "2024-11-18 00:08:31 +0000"
    },
    "done": false
  },
  "minecraft:story/enter_the_nether": {
    "criteria": {
      "entered_nether": "2024-11-18 00:08:35 +0000"
    },
    "done": true
  },
  "minecraft:nether/explore_nether": {
    "criteria": {
      "minecraft:nether_wastes": "2024-11-18 00:08:36 +0000"
    },
    "done": false
  },
  "minecraft:story/lava_bucket": {
    "criteria": {
      "lava_bucket": "2024-11-18 00:59:02 +0000"
    },
    "done": true
  },
  "minecraft:recipes/misc/charcoal": {
    "criteria": {
      "has_log": "2024-11-18 00:59:43 +0000"
    },
    "done": true
  },
  "minecraft:recipes/building_blocks/oak_planks": {
    "criteria": {
      "has_logs": "2024-11-18 00:59:43 +0000"
    },
    "done": true
  },
  "minecraft:recipes/building_blocks/packed_ice": {
    "criteria": {
      "has_ice": "2024-11-18 00:59:02 +0000"
    },
    "done": true
  },
  "minecraft:recipes/building_blocks/oak_wood": {
    "criteria": {
      "has_log": "2024-11-18 00:59:43 +0000"
    },
    "done": true
  },
  "DataVersion": 3465
}